profile,result
"
国内985本科，工作十年，EP，老婆不上班带两个孩子，申请第五次通过！！总算结束了",失败
"
女性，来新十年读政府学校，拿到Diploma工作不到一年提交申请，spass月薪2.4k，第一次申请，等了七个月申请通过",通过
"_撤D，夫EP妻DP，29/27q，]小孩。
夫榛金理人，月底薪14K；妻金融I襄理，月底新4K。
硇M6月r由夫主申，期g]被要求a件，M6月就被拒。",失败
"SMUmaster，工作一年多申。申请时3.6K+，期间换工作提升将近1K，申请六个月被拒。
",失败
马华女来新4年换过4份工1份wp3份ep台湾大学文凭工资2k以上第一次申请7个多月被拒第二次申请不到三个月就批准了,通过
"
男主申，Ep6500,，来新六年，30岁，中国集美大学，老婆2500，美国BBA学位，来新2年，27岁，孩子一男一女。有买公寓。第一次申请，等十六个月。",通过
"新加坡私立W校T士LTVPHolder女生底薪2600佣金平均700每月
先生是新加坡人diplomaIk公室文T2.3k

上W查了^了~~~

",通过
"本人主申，国内普硕。老婆NTUMaster。双EP。来新6年，家庭basic月薪S$12k。
",通过
夫妻两个人ep一岁男孩dp老公主申请人月薪8.5k来信6年被拒2次希望这次能成功,通过
加拿大大学BBA毕业，34岁，单身，马来西亚人，月薪5.5K，新加坡工作1年半。,通过
"国内top3本科，NUS在职硕士，来新6年，工程师
",通过
马来西亚人，来新快5年了，做IT行业EP，月薪2.5k，申请不到4个月批了,通过
"NUSPHD,来新7年，EP，申请时工作8个月，月薪6000+。太太国内硕士，SP，月薪3500+
",通过
"
NUSPHD,来新8年，月薪6000+（固定5000），配偶月薪4000，国内master。",通过
"29岁男中国本科+新加坡masterbase5k
来新加坡前工作2年
在新加坡工作三年半
第二次申请失败告终",失败
"29岁男中国本科+新加坡masterbase5k
来新加坡前工作2年
在新加坡工作三年半
第二次申请失败告终",失败
"酒店经理，7k，澳洲FT研究生，在新8年，带1.5岁本地出生女儿申请，第8次申请(之前每升职，换工作，单身状态，结婚状态，全家申请都试过，全部被拒，这次只带女儿申请）。

Penging一年后要求重新申请，以家庭为单位，一年后再要求补交材料，3个月后成功！一共为时2年多。
",通过
来新近5年，工作3年多。SMU授课硕士。另有一海外大学授课硕士。月薪6700.单身，男，35岁，中国公民,通过
"NanyangPoly毕业，工作持S-Pass，申请时NTUPart-Time在读，七个月通过
",通过
"马来西亚女，34岁，单身。
本科（没用的科系）加ACCAaffiliate。
会计执行员，$2700。
来新快九年，中间有回马一年。WP三年半，SP三年多，EP八个月。
第一次申请。
各位大龄剩女别放弃，nevertryneverknow，大家加油！！

",通过
"来新14年理工生毕业工作六个月申请时月薪2300
",通过
"Malaysian,Degreeholder,EmploymentPass,Engineer,Salary3k,stayalmost2yearinSG,2ndcompany
",通过
"08年来新，本地Secondary,JC，大学NTU全额奖学金，刚毕业工作1个月EP薪水单申请，basic5k,年薪7万+，不到5个月批准，男生，25岁",通过
来新差不多十年，本地中学，poly，去澳洲读了2年本科回来工作半年开始申请，薪水2800......将近8个月approve,通过
"大学本科,2009年来新工作SP,2014年跟老婆孩子申请DP,2017年初转EP,孩子运气还不错2018年申请到政府小学,月薪6500+,2019年4月17号全家一起申请,刚刚满三个月就批了",通过
来坡工作2年国内211硕士老公本地人国大本科本人月薪8k+家庭收入15k+名下有HDB,通过
"
和太太2008年分别来新读书，在学校相识，结婚在新加坡买房.夫妻二人都是本地私立硕士毕业，读书四年，建筑行业工作七年.携夫人+小女一岁申请.家庭月收入9K

",通过
"
来新5年，NUS博，国内985，EP，月薪5k+，个人申请",通过
女，EP，工资10k，来坡3年工作2年,通过
"中国211硕士，律所非律师岗，未婚，来新三年多时第一次申请，目前已经pending4个半月了。
",失败
"
来新十年，本地中学，poly，澳洲本科，等待将近8个月。spass，2.8k",通过
男单身EP七年10k国内985211，去年10月底申请7月通过，正在办PR手续,通过
"夫妻+两个男孩，17一月份来新，老婆月薪10k，金融类，EP，软件测试，主申请
老公DP+LOC工作，月薪8k，IT类，软件开发，大的男孩在读国际学校，小的男孩在PCFchildchare,

",通过
"来新2年,9854K+
",通过
"
全家申请，夫妻+一儿一女，到批准时正好来新六年。男主申8K/月，公司法务，国内名校小本，无本地硕士学历。女主当时仍申报为主妇，国内某完美错过211和985的政法小本。大儿子上本地政府小学，女儿本地出生2岁。此前有三次悲剧经历。希望我们的经历能给大家力量，千万不要放弃，总有一次能成功！
",通过
"夫妻EP，儿子2岁DP，太太
澳洲master，我澳洲本科，单身各自申请过2次，结婚申请过一次，平均都是6个月悲剧。来新从读书到工作总计8年半，都是教育行业。这次在pending6个月时，收到补交资料，两个月后全家批准。这些年看了很多成功与失败的案例，但是感觉大家都只是猜测，因为我们不知道标准！很多说公立学校好批准，私立没戏（我们就是私立）所以给私立毕业的朋友们打打气，加加油！当然我知道学历不是主要考评依据，但是私立毕业并不是不能成功申请！最近批准的很多是家庭，条件也都是：薪水6千以上的，来新时间起码7年以上的，有孩子的稳定家庭，大家加油吧！
",通过
男29岁美国硕士科技公司月薪7000+来新三年三个月20天拿到结果,通过
"单身女，27岁，本地博士，毕业后工作满半年时申请，3个月拿到IPAletter
",通过
"马来西亚男，27岁，呆在新加坡3年,薪水2800.（可能运气好）
",通过
"女，单身，32岁，国内211本科，SMUmaster，来新6年，EPholder
",失败
"
一次通过",通过
"主申请人-制造业，美国国籍，华人，月薪16k新币，本科学历。
附属申请人-Fintech-中国大陆国籍，澳洲+香港PR，月薪7k新币，澳洲双硕士学历。
年龄都是30岁，申请时是29岁。
来新两年。",通过
"第一次
SPASS,马来西亚人,Diploma,在新加坡工作了10年，船厂公司，薪水2500+
顺便sponsor老婆和几个月大的孩子一起申请。老婆WP,admin工薪水2200+

2016尾apply，2017十月Reject了，十分失望


第二次
2018年尾再去apply，2019五月就批了，爽！
在这其中，男去读parttimedegree,女去读parttimediploma,
男女工钱也有提升，女的也拿到了SPass",通过
"NTUPHD,工作3个月

",通过
"SPASS,设计，在小新工作经验7年，第一次申请，新加坡居住。
",通过
"男，28周岁，已婚无孩，国内985本科，本地msc2014毕业，工程师，四年工作经验，Basic4000+,单独申请（老婆是PR，本地学历）。第一次申请三个月秒拒。第二次希望能成功。
2018希望大家都顺利！16monthsapprove.2018Decsubmitparents'CV
",通过
"sm系列来新6年，NTU本科毕业，科研工作，毕业半年申请，pending12个月，认识的同届同学中pending最久了，希望可以快点通过
",通过
"
NUSMaster，国内本，来新三年工作两年。等待6个月被拒。半年后再试吧TAT",失败
马来西亚男的学历pmr来新加坡8年拿SP快两年现在的年薪70K,通过
"女，独生女，28岁，NTUMASTER，EP，3.4K，来新4年，第一次申请，走的老公担保。老公PR三年，正在申请公民，来新十年，28岁，非独子，NTU本科，法国高商MASTER，IT行业，月薪5k。
感恩，四个月通过啦。",通过
"
24岁女中国人单身在新加坡读中学在新9年poly现在工作文员一年半申请Spass薪水2k+申请第三次父母在新工作在等待祝好运！",通过
"
老公主申,老婆副申,双方来新7年半,公立master,IT行业,家庭年薪190k.没有孩子。中途一方换工作，重新提交资料,第一次申请，历时10个月，通过！",通过
"中国couple，申请时男月薪6K（本地PhD)，女4.5K(本地MBA）,均&lt;30岁。等了近一年，幸好是好结果。祝各位好运。",通过
来新4年，poly毕业，交了3个月工资单，pending了6个月，今天刚批,通过
"夫妻一起，男主申，来新5年，本地公立大学PhD.两人收入和~10k/月
",通过
"马来西亚，27岁，单身，就x本地
diploma，spass，薪水2.5k，来新8年，第一次申请",通过
"25岁单身男，国内985本科毕业，NUSmaster毕业，工作一年首次申请
",失败
"
老公sponsor，pr两年半，SM1，来新17年，NUS本科+master，月薪4600。老婆来新2年半，国内本科+ntumaster，月薪3000，第一次申请",通过
夫妻，15年3月份来新，annualsalaryintotal&gt;300K.BothholdsEPandmasterdegree.夫主申，香港人,通过
"女，独生女，28岁，NTUMASTER，EP，3.4K，来新4年，第一次申请，走的老公担保。老公PR三年，正在申请公民，来新十年，28岁，非独子，NTU本科，法国高商MASTER，IT行业，月薪5k。
感恩，四个月通过啦。
",通过
"来信4年，本地masterEPholder薪水5K+去年跟公民结婚拿到PR可以辞职了
",通过
"国内211+nus硕
月收入6k
单身女
来坡6年

",通过
"男，中国籍。2009年6月来新读小一，参加了PSLE和OLevel
正等待下一阶段的学习

",通过
"单身，2k++，等待中
",通过
"sp,单身女，薪水2800，来新加坡7年多，本地读了一个私立大专，目前是幼师，pending6个多月，杯具！",失败
30多岁夫妻+3岁儿子（EP+DP+DP），老公欧美人，公司高管，我是985毕业的普通小白领，两人月薪加起来30k，儿子新加坡出生。,通过
"SM1奖学金，JC2因成绩表现被取消奖学金，在淡马锡理工学习IT三年，拿了半年S
Pass在私人小公司做全职软件开发，NUS录取后辞职，然后NUS学习CS四年，其中第三年在美国硅谷全职实习一年，17年6月本科毕业，9月拿EP在一家MNC做外包项目，18年四月申请PR，十月底找到新工作，新东家在十一月中旬成功办理新的EP后辞职，12月初收到EP通过的信，当时仍然处于旧公司辞职后的通知期
",通过
"SM1奖学金，JC2因成绩表现被取消奖学金，在淡马锡理工学习IT三年，拿了半年S
Pass在私人小公司做全职软件开发，NUS录取后辞职，然后NUS学习CS四年，其中第三年在美国硅谷全职实习一年，17年6月本科毕业，9月拿EP在一家MNC做外包项目，18年四月申请PR，十月底找到新工作，新东家在十一月中旬成功办理新的EP后辞职，12月初收到EP通过的信，当时仍然处于旧公司辞职后的通知期
",通过
"EP(acca)+SP,来新7年+。去年11提交（汗?），补交过两次材料，所以一直被延后。期间宝宝出生，12月初ICA打电话询问要不要带宝宝一起申请（填表）。补交材料后两个周APPROVED.
",通过
EP+DP建筑业，来新10年，申请超过5次，最后APPEAL成功,通过
"
硇氯年多香港公立大WIy行I",通过
"
来新9年多中学到poly毕业做工加读兼职大学已批",通过
"19q女JC2硇录悠6年中WAEIS考到政府中WO-LEVEL考到RI
",通过
夫妻双EP，女方主申，工资均4.5k左右。,失败
"
LTVP,本科，来新1年2个月，工作8个月，月薪3000.",通过
Poly毕业，持SP，兼职NTU本科在读。申请时薪水2300。3个多月通过，感恩,通过
"国内985本科，nus硕士，工作两年，工资4000，被拒
",失败
"老公（30岁，来新10年，工程师，拿spass半年，主申请，ite和poly,
2.8k),带老婆（wp，spm,1.6k),和儿子（5岁）,都是大马藉，住新山，第一次申请）。附加文件（现在和前公司推荐信，coverletter)

",通过
"
POLY毕业来新6年4个月通过",通过
"
马来西亚PR老婆sponsor，PR1年，master，，月薪3.8k。老公中国籍，在新工作8年，WP，月薪1.8k，制造业。ROM完一个月就申请。上个星期叫我们补交结婚证书。今天终于approved了，拿到IPA了！祝大家好运！
",通过
"
马来西亚PR老婆sponsor，PR1年，master，，月薪3.8k。老公中国籍，在新工作8年，WP，月薪1.8k，制造业。ROM完一个月就申请。上个星期叫我们补交结婚证书。今天终于approved了，拿到IPA了！祝大家好运！
",通过
"马来西亚女27岁来新8年薪水2.5k老公担保先生singaporean首次申请
",通过
来新7年，nus本科毕业，工作半年申请，等待3个半月通过,通过
"在新10年，小5开始，然后中学，poly。工作6个月后申请。做admin.等了7个多月，approve了。

",通过
"
6年，AEIS上中二，JC2
",通过
来新2年，it业，首次申请，薪水3k。,通过
"男25岁,首申，本地公立大学本科会计商科毕业，拿EP半年后申请PR，工资4.6k，18年1月25号申请的，等了8个月了，终于通过。大家goodluck！
",通过
"本地大学毕业薪资3.3k工作6个月
",通过
老婆PRsponsor我，我是poly+ntu半年工资单申请老婆跟我工资都不高年龄25-30段,通过
"Approvedin4months,veryefficient.annualsalary95k,inSingaporefor7years,localuniversitygrads,
chinese
",通过
"
14年来新，NUSMSc,家庭收入9K,带儿子和老公。第二次申请。",失败
男，单身，新加坡6年，工资8000+，咨询行业,通过
"LTVP女28岁老公SC结婚1年半宝宝SC9个月在家带宝宝老公薪水4000左右7个月通过，中途老公换过工作
",通过
"马国男，EP，30岁，本科毕业，来新4年半，第一次申请通过，祝大家好运
",通过
"SM2,本地本硕,首申
",通过
EP+DP建筑业6000+2300.女儿幼儿园。第5次申请.希望好运.,失败
"Poly+NUS
来新8年
工资4250
5个月整批准",通过
中国女，单身，非本地学历，MBA，美国企业工作，工资9K，来新加坡3年，首次申请,通过
"来新两年半，女，27岁单身，美国本科，EPHolder月薪6k，提交后第七个月被拒。可能是待得不久而且两年内换工作较频繁（一年换一次）吧，近期换了工作和ICA更新了雇主信息后被拒
",失败
"老公基本工资3.3K，实际工资3.8K，IT支持。EPQ1。
老婆物流行业工资1.6KDP
孩子4岁，上本地幼儿园。
来新5年。中间申请过3次均被拒。此为第四次申请。
",失败
"中国护照，美国本科，新加坡读的英国研究生。EP工作一年，IT专业，工资4000。还在等待结果中
六月份工资上涨到4500，九月份查被拒",失败
"
一家三口申请，丈夫主申请BASIC5K,再读NTU的parttimeMaster,太太工作，儿子拿DP。",失败
"男，现21岁。08年来新就读，政府小学和中学，现在poly第三年。之前申请过几次都被拒绝。现在还在pending。
学生新政策，需服兵役
",通过
"新加坡十年，Sec1-Poly-工作，等待的时间八个半月，不过应该是新政第一批Approve的，五个月工资单申请。看着这个网站几个月，我觉得批PR应该是筛选那批最可能成为公民的人去批准。
",通过
"2011年9月硇录悠,S-PASS2年,上次申是2012年1月,拿S-PASS4月就申,接近2月,ICA硇耪f不符合他l件,多1年半在交表格.
2015年8月拿E-PASS2月,第二次申PR.2015年12月,E-Passcancel.
2016年3月在拿E-PASS,B是Withdrawn.
2016年11月11日,第三次申PR,官T我第二次申PRBWithdrawn,楹]打oICA;^後,我的申就被取消了.
2017年5月，ICArejecter我的申请，耗时半年的批准期。
2017年10月，我APPEAL信oICA，提交我R砦9月份Y婚]宰C。
2017年11月，x效忠1年7月的公司。
2018年4月，正式在新公司上班。7月份，提交新公司的Y料，ICA所要求的Y料。
2018年9月5日，收到ICA的通^PR的信，l信日是9月1日。",通过
"
老公主申请，spass
薪水$3200，连同两名女儿一起申请，这是第二次申请了，第一次申请等了四个月就被reject,这一次申请等了十一个月十六天，终于approved了，等待的过程好煎熬。谢天谢地最终批了。在此也祝愿大家好运?

",通过
"中国人住新加坡13年小学中学poly都在新加坡读毕业做admin专业不对口学的engine拿的SP薪水单3个月薪水2.4k
希望过4月10多号左右收到补家庭资料，8月20通过，8月23收到信",通过
"SPass,TARUC(马来西亚)Degree文凭，薪水S$2600，来新工作2年半。
",通过
"中四学生，从小一开始在新就读，第一次申请时是收到邀请信，不过没成功；这是第二次申请，又被拒了
",失败
"
国内普通本科学历，老婆大专，2013年来新加坡，半导体行业工程师职位，SP,老婆之前WP,目前看孩子，和儿子都拿DP,我申请时底薪4700，年收入9w+,申请时拿到加薪的文件，大概700多，全家一起申请，等了五个月，结果一查被拒了，现在已经八月了，打算十月份再申请，不晓得申请几次能通过！
",失败
OLevel+ITE+Poly+SPass工作一年老板推荐信历时5个月~,通过
"2008年10月来新加坡，读初中，BCA，结婚，工作2年，期间跟母亲申请2次，跟老婆申请1次，这是第四次，以我主要申请，之前都是辅助，希望这次可以批准！

整整6个月被拒，本周打算继续申请（原因换了个工作，新系统没办法提交任何文件，换护照，换工资薪水）",失败
"OLevel+Polygraduatewith6monthsofworkexp.Approvedafter7monthspending.Receivedletterbefore
systemupdates.Goodlucktotherest!
",通过
"malaysia男，2015年到新加坡读poly，2017年毕业，工作7个月后申请。
（更新）等了8个月终于通过了",通过
"
女，来新10年，政府中学，初院，国大，毕业工作半年后申请，8个月收到补交父母材料通知，提交两周后批准",通过
男主申请，薪水6K+，来新5年多，女薪水2K+，来新3年多。都是国内普通本科，IT行业，独生子女。5月份有收到补充父母工作的表格，8月5日查网上显示通过，历时将近9个月。,通过
"
老公主老婆和孩子（1儿1女）一起申请。7个半月收到好消息。",通过
"
老公主老婆和孩子（1儿1女）一起申请。7个半月收到好消息。",通过
"
男，马来西亚人在新加坡工作14年，SP底薪2600，老婆SP底薪2500，带着一个孩子申请

",通过
"女，18岁，poly第一年就读。自2007年在新加坡从小一就读，政府小学和初中。6个多月被拒绝
",失败
"马来西亚，EP，在新12年～～结果还是被拒
",失败
夫妻一起申请，老公是主申请人，国内958硕士，薪水1W+，来新4年，我中国本科，新加坡硕士，3K+，来新3年。历时8个月通过，祝大家好运！,通过
"
来新9年，poly，ntu毕业，薪水basic3000，女，单身",失败
"国内985本科，工科非IT专业，IT行业7年经验，EP，薪水5.5kbase。
独生/单身，来新3年，第二次申请，近期EPrenew之后收到ICA拒信。",失败
"
来坡8年，NUS本科毕业生，申请九个半月终于approve了。提交申请两个月后补交过父母材料，之后杳无音信。。。祝大家好运~",通过
"NTU本科，来新6.5年，IT工作1年。中途没有补交材料。祝大家好运
",通过
"
私立学生12.19新政后1.11申请来新3年，男，被拒",失败
"来新17年多。中学，poly。小时不懂事，poly没读完。后面拿了私立学校的degree。现在工作，EP，basic6200.
申请3次被拒。第三次被拒后，去年12月5日上诉。7月12号再次失败。孩子们，好好读书啊，我现在后悔都来不及。哭。",失败
"EP+DP夫妻带女儿申请，国内211本科，申请时来新9年+，薪水7200，妻子LOC工作薪水2850，期间提交过EP,DP更新及薪水单

",通过
国内本科NTUMaster共计工作经验四年国外工作一年中国工作半年新加坡工作一年半月薪4500六个月被拒,失败
"男19,来新第13年,从小学1年级读到目前SPYear2就读。新政策出来后马上就提交申请资料,等了6个月，信是6月22日出的,今天7月5号才收到拒信。其实被拒绝是我自己预料之内的事,
反正就觉得自己和PR没什么缘分。感觉没什么申诉的必要,再过一年就要毕业了。
(哪位大神可以把我的情况分享到论坛里面,想听听大家的看法,因为我木有账号)
",失败
"11年来新，中学毕业poly在读第三年学生证
",失败
2011年来新加坡，私立本科+NTU硕士，澳洲硕士Part-time在读，工作半年，高等教育领域工作。薪水3.3K+，2018年6月26日网上查rejected，准备上诉。,失败
"夫妻梢煌申，SPASS，台橙耍第一次申，t院工作人T，工作4年，薪6K+6k,2018五月通^，今天拿C了。]有什N是^Φ模因]有人知道省４蠹壹佑",通过
BCA毕业，老公新加坡人，2017八月领证，2017十一月从form4A（那时候已等六个月）换成了Form4，等了七个多月，终于批了！,通过
"夫妻带女儿申请，男36，国内master，贸易，EP,薪水10k+，女，国内本科，贸易，SP,薪水4k+,来新6年
",通过
"Spass，马来西亚男，单身27岁，来新8年，服务业basic$2kplus.第一次申请,七个月多rejected",失败
28岁，男(单身)，国内本科，新加坡国立大学博士毕业。来新5年，毕业后在新加坡政府工作一年，年薪70k。申请10个月后批准通过，等待的过程真是煎熬。祝大家好运。,通过
"Thisismy2ndtimesubmittedPRapplicationasconventionalwayatICAbuilding.statuspendingaround9
months,finallygotapproval.Workinginsg8years.basicsalary2600,diploma,35age,female,single.
",通过
"2ndtimeapply...MalaysianFamily
Wife-SP/BasicS$2700/Diploma
Husband-WP/BasicS$2300/Diploma
Child-3yearsold
",通过
"30男，$4500,来新4年半，211本科，EP中小型公司市场部，去年Pending5个月被拒，目前第二次申请。

",失败
28qR砦男SP在新工作三年薪水$2700第一次申大WWv17年11月f交Y料18年6月批准人感X身的朋友SP比^容易申成功反而是EP被拒o大家⒖技佑,通过
"
夫妻一起申请...老婆是马来西亚，新加坡私立diploma会计…持有EP...………老公是中国人，新加坡poly毕业…持有SP，。。第一次申请。。。希望一次就能pass…………
等了10个月又18天…终于approved了…超开心
",通过
"
MalaysianFemale33岁单身大学文凭在新加坡工作三年以SPass申请PR.等了7个月后终于通过!
",通过
"男主申请人+妻子+女儿一起申请，男36，国内MASTER，EP,月薪10+K，贸易公司，女33，SP,国内本科,4+k
",通过
"国内985本硕来坡读博，有过两次失败经历，都在parttime博士期间申请。
这一次申请在博士毕业即申请，仍旧在学校做博士后，几乎等待十个月才通过。本地学历才是硬通货。",通过
"本硕国内211，NTUPhD毕业，毕业后继续在NTU做ResearchFellow，工作10个月时申请的，中间补过一次父母的信息，申请历时6个半月，批准时来新5年多

",通过
"
poly毕业，毕业9个月开始申请，在新加坡呆了5年。有Olevel成绩，月薪2,000.00.4个月通过。",通过
"马来西亚女，29岁，来新10年，第二次申请，会计师，月薪3000
",通过
"女，28，单身。来新五年了，马来西亚拉曼大学毕业生。刚开始以WORKPERMIT，薪水千八，然后期间换了四分工作。在第四份工，好不容易申请到EP，薪水也随这跳槽升到新币2400，
拿了EP后的第六个月，直接申请PR。经历了九个月的等待。在第七个月等待时候，途中交了父母资料。接着等了三个月。昨天网上查看，终于批了。希望给大家做参考。",通过
"来自马来西亚，呆在新加坡已有五年，马来西亚拉曼大学学士毕业。刚来新的时候是workpermit薪水1800,换了四份工(薪水慢慢随着换工提升），第四份工，好不容易，这家公司才愿意给我EP，
薪水2400，拿了EP后的六个月直接申请PR，（因为害怕新加坡政府随时会变更或突然不能renewEP)
在等待的第六个月中，要求补交父母资料，（备注；记得若薪水不高要确定父母是有做工的，因为新加坡只要年轻人不要老人,除非你高薪）补交后，等了三个月，今天在网上查看，才知道approved了。今年28，女，单身申请。

",通过
"老婆sponsor，老婆中学,poly,毕业工作，20175月公民批准，8月领证.申请时老婆月薪2.3K。本人2015来新，从事制造业，月薪3K.半年通过。
",通过
"
马来西亚人/男/26岁/EPholder/来新三年/单身/月薪$6500/公司老板director/公司本地员工10名-15名/等了八个月被拒/
",失败
"
FemaleEPholderfromMay2016withUSmasterdegree,appliedwithson.

傻等了七个月十天，中间什么消息没有，就批了。批准时来新加坡满两年二十天。


",通过
"
nus本科毕业，sm3，工作一年多，去年10月3号申请，5月2号收到补交父母信息的信，5月24号网上通过，历时将近八个月。祝愿大家好运！！！",通过
"29岁马国男，来新加坡10年，2017五月拿到EP。工钱3800。申请交了SPM和一些技术文凭。4月19号电邮3年的NOA。15号收到信，网上还在pending。祝大家好运！
",通过
"
老公pr,自己新加坡政府poly毕业",通过
"985本硕，2013来新，2017年9月NTU毕业PhD，拿SPass继续在NTU当临时工，工资3400，申请时只有半个月工资单，没有Annex
A。其实还没有准备好，但是因为很久以前预约的timeslot，不想浪费，所以硬着头皮交了申请。换工作后已经做好准备重新申请，还没有update给ICA,居然就通过了。单人申请，期间没有补交任何材料，ICA也没有联系我，感觉ICA的系统知道MOM的系统里面我的新的工作信息。祝大家早日批准!
",通过
"12年来新，NUSPhD，16年底毕业，毕业后拿EP做ResearchFellow一年，之后在一家跨国公司做DataScientist至今。最新更新：三月底更新了家庭成员信息
",通过
"国内本科+NUSmaster，工作4年申请的。单身女，不报希望的第三次申请。
5/7查通过，中间没收到补材料的信。给众多单身master希望！加油！
",通过
国内博士，来坡3+年，政府科研单位，月薪5000，九个月approve.期间没有任何消息,通过
"本地O水准+Poly+国大本科26￥3150带老婆27￥1500+600申请，一月在新加坡领证，5个月20天收信补父母材料。男方父母公务员，女方父母国企。母亲都退休。补材料以后2个月还是BEING
PROCESSED。更新：补材料3个月有余，再次写信去ICA，依旧是BEINGPROCESSED。

经过12个月的漫长等待，PR通过了。我猜测硬件无大伤的申请人，一个人差不多6到8个月，两个人是12个月以上。去年三月申请的被卡了一波，周围很多同学也是差不多4月才批下来。顺带提供另一个信息，我太太WP在PR批下来3天后去割的卡，之后回国。并没有什么问题，只需在办理期间给ICA提供合法的签证就可以了。哪怕是白卡。代领IC只能在ICA柜台代领，不能去邮局或者ICA的自助机。

祝愿大家好运。
",通过
"Chinabachelordegree985school,cameSgin2009,Sg1-yrMscmaster,EPholdersince2010,basicsalary
8.5k,applied3timesbefore,allfailed.Female,single,32
",失败
"Poly+Secondary中三开始读，Spass半导体行业Basic2200,Gross3600三个月工资单直接申请，六个月整批",通过
通过！！！！,通过
"2017.3.30第四次申请,2017.9月被拒,11月申述,2018.4.9日查再次被拒.相当于申请5次都被拒.目前来新8年.做IT行业薪水5.5K,EP,老婆SP
2.7K,小孩在这边上幼儿园.就这样吧,不知道ICA要什么条件",失败
"来新加坡12年，私校本科，EP薪水5k，老婆来新加坡3年EP5.5k，第三次申请秒拒，感觉不是本地学校毕业基本没希望
",失败
"老公sponsorPR2年半本地大学毕业工资4k+申请人幼师2k+求好运6个半月感恩感恩
",通过
"3年poly，三年NTU,工作半年，工资3k2,3月29收到信网上还是pending
",通过
"4.5k,本地本科,国外master.第一份工作9个月.单身女26.12月18让补父母信息不再坡。。回坡后1月9日补交。。继续等...网上查通过了。。回家等信
",通过
"本人在新加坡待了16年2002来新加坡现在2018了
私立diploma学校貌似倒了。加上有culinary的WSQ
职位manager月薪4500但是被拒绝，
个人一直觉得在新加坡待得久了一般会好申请一点但现在看来好像不是这么回事。

",失败
"国内博士，带俩男娃，媳妇读博士，第二次申请
来新两年半，工资basic9000++，还在pending
最新更新：九月中更新了家庭成员信息
2018-3-19日，已批准，历时10个月
",通过
"
test
",通过
"马来西亚女生，在新工作接近4年，SPass第一次申请，保佑?

更新，等待9个月又14天，终于approved了！很开心，祝大家好运
",通过
"sm2nus本科大四时申请，中间被要求补过材料。miss了两封ICA的信，其实可以更早拿到。
",通过
夫妻一起申请，提交申请时两人在新工作8年，等了9个多月批准。新的一年祝大家好运。,通过
"第四次申请，夫妻申请，无孩，妻主申请（在新工作五年半）

更新：pending了将近十个月，期间按要求补了一次家庭信息，终于通过了，开心，祝大家好运!",通过
"两夫妻拿PR十多年今年第一次帮3个孩子申请，儿子18岁刚上大一大女儿16岁小女儿14岁希望可以通过。。。等了10个多月终于批准了祝大家好运
",通过
"
国内本科，本地博士刚毕业，科研岗位，十月份按要求补交父母资料，刚批准，这个情人节和新年礼物拿得很开心！",通过
"
test",失败
在坡岛9年半，本地sec3-JC-大学，毕业EP，软件工程师，月薪4.8k，6个月工资单出完申请。,通过
"马来西亚夫妻28岁，发型师EPIte文凭,女美容师wp等了9个月还在痴痴的等，紧张整整一年！好失望啊！",失败
"
国内普通二本，NTU硕士，工作2年+，Salary3K+",失败
"来新八年，2017.5.8第一次申请，2017.12.1收到信要求补交家庭成员信息，未及时查看信箱，2017.12.27才补交完资料，还在pending//
补完材料两周approved，历时八个月。finally！",通过
"夫妻共同申请。申请时男方（主）来新9个月，女方8个月。都拿EP，月薪5K+，4K+。
",失败
夫妻，第一次申请，申请时女方（主申请）来新1年8个月，男方来新8个月，双方均EP，月薪5k+，历时6个半月通过，祝大家好运！,通过
"
2011年6月来新,通过Olevel，Poly毕业工作9个月.

",通过
"来新近10年，WPholder7年后upgrade去Spass.
15年9月申请，9个月之后fail.
17年1月第二次申请，今天02.01.18来信批准了很开心。
历时将近一年

",通过
女，35，带3岁女儿申请，银行业，月薪10K+，英国硕士，来新2年，9月底交了补充父母材料，希望有好结果。18年开门红啊,通过
"China985-211BScin2012,NUSPhDin2017April,NUSRFsinceMay,4K+SPass.",通过
"
工作半年，来新一年，加拿大本科学历",失败
"14K+3K,一孩儿，第二次申，来了三年。",通过
"Dpr国内普通大学毕业来新7年整第四年结婚ltvp+老公sc儿子sc结婚三年后申请申请时拿loc工作半年还拿了会计的diploma现读acca当提升薪水2000+老公3500+
申请后自己11月辞职拿到来年1月的offer刚买resaleOTP完就收到IPA信历时5个月Approved！当圣诞礼物！",通过
"中国人来新十二年，全家申请，工资3.5K+第二次申请，顺利通过！！！感恩！
",通过
"中国人来新十二年，全家申请，工资3.5K+第二次申请，顺利通过！！！感恩！

",通过
"男方主申请人，国内211本科，EP，小公司director，月薪10K，在新加坡7年；女方国内本科澳洲硕士，EP，IT创业公司就职，月薪5K，在新加坡两年。历时8个月整，终于拨开云雾。
",通过
"单身独生，sm，政府科研工资3000，EP,三个月工资条申请,
8月下补退休父母材料。12/13写了一封email给ICA，问他们收没收到父母材料，12/14就收到回复，并且当天就批了，也不知道是不是巧合。再也不用每天查status了，也祝大家都好运。",通过
"夫妻带女儿一起申请,均为中国国籍.男主申,11年来坡,公立大学master,phd,postdoc,EP,5k+;女,12年来坡,公立大学master,EP,4k+;女儿新加坡出生,
DP.感觉速度还是蛮快的,11月27号拿到信同一天网上变为approve.打开信正文中显示11月22号就approve了.所以总共用了4个月22天吧.

其实可以更快,10月份收到更新父母家人资料的信件通知,但是没有及时查看信箱,补交材料比预期晚了一个星期.从补交完材料到正式approve经过了4个星期.

祝大家好运!
",通过
"来新6年申请，私立本科+公立研究生，IT行业，薪水3k，求好运
",失败
2007年来坡，博伟，中学，ite，poly毕业。SP底薪20002017年1月申请，8月通过。非常理解无奈的心情，拿pr只为了生活稳定。。。,通过
"国内985本科和研究生来新5年，36岁EP，和DP老婆儿子一起申请，家庭月收入10K，老婆持LOC工作。第二次申请7个月后批准。感觉主申请人是独生子女的较难申请。

",通过
男，国内985大学研究生学历，无本地学历，来新4年，已婚，老婆SC。本地国企工作，月薪5K，第二次申请。,通过
"
男，NTUMaster，来新四年，EP,4K+，第二次申请，等待过程中EP已经Renew。依然杯具。",失败
"
男，36,国内本科，来新7年，第二次申请，薪水4800，准备上诉，上诉后悲剧",失败
"2010年初来新加坡求学，就读于新加坡东亚酒店管理学院，高级大专毕业，毕业后酒店实习半年，第一份工作3年半，第二份工作3年。第一次申请，以无所谓的态度，结果申请成功，真不知道该喜还是该忧。
",通过
"男主申36国内二本，澳洲硕士，收入10K+女362000+1儿子1女儿。
双独。申请时来新加坡3年半。其中刚来6个月的时候带全家申请过一次，三月秒拒了。",通过
"马来西亚女生
SPASSHOLDER
来新3年
第二份工作申请
第一次申请
更新下
即将迈入10月份
就是等待第12个月了T.T
希望有好消息
要拒就快可以换新工作。
整整一年FAIL
",失败
"26岁来新近7年私立本科工作五年SP薪水3.3kMNC老公NTU本科PR不过是独立申请没有undersponsor
",通过
"
马来西亚女30，已婚，独立申请。2014来新，IT行业，EP,月薪3500.",通过
"来新两年，Graduatediploma,工作7个月，单身女性，IT行业，第一次申请，求好运。
",失败
"beeninSingaporefor6years,applytogetherwithmyhusband,nokid,EPholder&amp;SPholder,Chinese
bachelordegree,totalincomeS$9000/month,pending6months
",失败
"1.SPholder
2.Degreeholder(GraduatedfromMalaysia)
3.Beensingaporefor5years.
4.Femaleandsingle
5.Firsttimeapply.

Goodlucktoeverybody!

",失败
"NUS本，EP，三月底交的材料，当时有7个月工资单。八月中收到补交父母消息的资料，中间搬了次家。
现在09/20还没出结果...
10/27过了",通过
"MasterdegreefromPolyUandBachelordegreefromHKUST.
2yearsinSG,13KSalarywithDPwifeandnokids
",通过
"
老公PR，带娃申请",通过
本地读的小学，中学，poly。来新12年。3月23号申请，五月中收到补交家庭资料，九月21号批准了，系统9月24号才approved，9月25号就收到信了。,通过
"EP,LCCIDiploma,Msian.等好日子公布结果吗？等等等等，迈入第11个月。求好运。很难过
",失败
"Spassholder,冷气安装员，底薪$2450+佣金。与太太一起申请。太太diploma,文员。朋友一家带小孩申请成功。
",失败
"
Spass四年半后申请老师七个月通过年薪七万左右国内本科毕业
供参考。。。祝好运。。。。
",通过
"NUS本canadamaster工作6个月申请
更新：8月下旬补交父母工作经历
更新：10月2号approved。祝大家好运！
",通过
国内本科新加坡Master工作一年来新2年第一份工3K+现在要换新工作5K+当陪跑群众,失败
"13年大学毕业，14年来小新，第二份工拿SPASS，一年后申请PR.
历时四个月多通过～祝大家好运???

",通过
政府中学中三中四后升入poly，工作3个月转正后申请pr，三个月就收到通过信了。另：现在申请pr不需要工作3个月或6个月后，移民厅的工作人员说有工作了就可以直接递交申请了。,通过
。。。。,通过
"
SM系列NUS本科现在EP申请后等了6个月了还没消息7月21补交父母资料希望能顺利通过9月19号IPA希望大家都好运！",通过
"马来西亚，女，29岁已婚，自己个人申请没带老公，Spass,来新大约9年，LCCIaccounting,职业：AccountExecutive,薪水2500
，第一次申请，等了九个月终于批准。祝大家好运成功！",通过
"申请时来新4年8个月，薪水4k+，建筑行业Spass，第一次申请，pending中；
9月22日查到结果，reject

",失败
"
08年底来新，中学，ITE，Poly，毕业工作7个月申请。希望各路神仙保佑，快快批下来。",通过
"poly+NTU,工作半年申请


",通过
"政府中学中三开始读O水准，poly毕业。工作一年多，月薪2.7K。独生女。七月被要求补交父母资料，历时八个月通过。
",通过
独生子女，父母公务员。工作不到一年，薪水3k，没交过税。带老婆(wp，薪水1k)一起申请。1月申请，只有一个月工资单。6月收到信要求补交父母材料。9月批准，历时8个月。(公立本科),通过
2010来新，Poly毕业后去英国读本，软件工程师，EP，工作六个月，单身，独生子。,通过
"NTUmsc,2010来新加坡，2014年第一次申请，R&amp;D
engineer薪水3600，3个月被拒。2017年3月结婚，老婆是pr，月底就去提交申请，老婆sponsor。4月初收到ica来信要求补交父母信息，随后6月底我换工作，加薪到4500，加上老婆公民批准，用email给ica更新了这两个信息，8月初status变成withdraw，过了一周变回pending，再过了一个多月到9月12号查询，变成approve。有配偶sponsor的话，确实比较容易，没有本地poly或者公立大学degree的同学可以借鉴一下，不然msc拿pr还是挺难的，什么义工，R&amp;D，低于8000的薪水，都是浮云。
",通过
"马来西亚男，90后，poly毕业，持spass在实验室当小咖，月薪2k
××后记××
批了！批了！苦等了8个月，终于批了...
",通过
"单身PR带收养的孩子申请，月薪加奖金大概１万新币吧，历时6个月通过，给需要的作个参考，也祝后面申请的网友好运！Goodluck!
",通过
"男，10年来新读Olevel，11年回国1年，12年到15年NAFA毕业，SPass工作1年后申请，希望快点批保佑保佑！
历时142天，4个半月，感恩，感觉本地学历是最重要的。以后再也不要再来这个网站了，祝大家一切顺利；好运相伴",通过
"
35岁，EP,985本科，来新2.5年，1个儿子，带老婆孩子申请。",通过
女，26岁，未婚。政府中学+poly+NTU。制造业MNC，IT岗。工作半年首次申请，月薪3000+。5.30收到信，补交家庭父母职业资料。九月八号批！等了快七个月了！祝大家好运！,通过
"
sp,工作四年",失败
"老公PR帮我和孩子申请，第一次等了9个月被拒。第2次带女儿再次申请，收到IPA　letter，开心，祝大家好运。
",通过
"来新2年多申请,等待10个月收到结果.大学研究工作4.9k/month,新加坡当地part-time硕士,31岁,初次申请即幸运通过.也祝目前PR申请者好运.
",通过
"申rEP快要3年IT行I
非本地degree",通过
"2010年来新2012工作，国内本科+私立硕士+公立兼职硕士在读（2018毕业）；
31岁；单身；
SP;5K;Marketingmanager
独生子女，父母情况退休+已故

第二次申请，第一次在2015年，5周reject
第二次申请，人刚一出境系统就reject。。。10周",失败
"来新9年，博士生。32岁第一次申请。月薪7K++.痴等六个月后刚刚renewEP马上就批了:)
",通过
"2013年8月来新，2015年7月第一次申请，2个月后秒拒。今年2月再次申请，等了5个半月，批了，来新刚好4年！条件：单身女，31岁，国内本科，英国硕士，递交申请时月薪约6.5K，后来换工作月薪7.8k。
",通过
"10年来坡localpoly+uni工作六个月申请
1.14-8.18七个月批了谢谢大家
",通过
"
父母都是PR，polyI，都在新超^10年。2015年本地出生，爸爸担保申11个月被拒（爸爸自顾人士，全职在家），12月_始上班，找hT信f交工作C明，appeal月後是悲　持m上班1年后重新保申。月薪3000
",通过
"Degree在UK大学，在新加坡一年半
",通过
"
SM3学生持EP申请，历时9个月终于过了。希望大家都能pass。",通过
"马来西亚女生来新4年第一份工作wp之后转换spass
第一次申请还在等待希望有好消息。

更新:准证10月到期，7月21号更新准证27号updatedicabyemail，8月5号收到回复说有结果8月7号检查已批准。历时8个月。祝各位好运?",通过
"
来坡6年，BCAAdiploma，SP，月薪2500+，第二次申请，老公是PR，结婚后一个月申请",通过
"第一次申请，EP，国内本科，本地PHD
",失败
"老公来新近13年,PR近10年,RealEstateagent,本人来新近5年,本地私立Degree,做Admin工半年
",通过
"全家15年9月来新，不到两年，从事MRT地铁车辆测试工程师，月薪7k。老婆没有工作。大女儿今年在政府学校读p1，小女儿去年在新加坡出生。
",失败
"
老公担保的，终于批了！谢天谢地?",通过
"来坡4年，独生未婚女，NTU硕士，软件工程师工作经验3年，第二次申请被拒

",失败
全家15年来新，16年申请，带老婆孩子一次性申请。一次性通过。总结想通过的心得是工资稳定、有孩子、老人无移民需求,通过
"
sm系列，七个多月",通过
"男41q,20089月硇鹿ぷ,薪Y5k,2009及2011为申被拒,2012Y婚,家庭薪Y8k,2013,全家3人申被拒,201412月底第四次申,201511月被拒,2016
3月信上VK更新薪Y,20176月中旬ICA硇乓求最近半年的薪Y跟^去3年,20177月中旬B就批准了共vr31月.
",通过
夫妻都是国内211/985本科，第一次申请三个月内秒拒，第二次申请等待近两年终于通过。家庭收入10K。祝还在等待的好运。,通过
"中国人，来新9年。三年前的时候已经做了三年护士，薪水2000,pending四个月被拒。被拒了马上换了工作，后来做和健康行业有关的IT工作，今年开始薪水2400，这次申请pending
五个月现在又被拒了。身边做护士的朋友分别在申请1次，2次，4次后拿到了。读的澳洲护理本科。


",失败
R砦人、女、polydiploma+英degree、EP、工作六月後申PR,通过
"来新4年，夫妻两带一孩子，都是国内本科的，估计没希望，不过反正不要钱。
",失败
小学中学poly毕业工作工资2000,通过
"两人申请，国内大学毕业，EP月薪8K+DP月薪2K，来新两年
",通过
"申请dependentPR，加拿大PhD,NTURF,EP薪水basic4.5K，工作8个月，第一次申请",通过
"
丈夫主申请人，妻子全职太太，儿子3岁，女儿1岁，均新加坡出生，去年10月申请，今年5月底全家获批，此前3次申请悲剧。说说基本情况，丈夫，36岁，EP，月收入7500+，本科毕业后在国内工作了几年，2010年来新加坡国大念硕士，2011年毕业后工作。妻子2013年辞职来新，同年第一次申请悲剧，2014年第一个孩子出生，同年第二次申请悲剧，2015年第三次申请悲剧，2016年第二个孩子出生，同年10月第四次申请，也准备是最后一次申请，做好了悲剧就回国或去其他地方的准备，今年5月底通过。感觉度过了PR申请最黑暗的时期，现在好像开始放松了，但愿后来者更幸运。
",通过
"马来西亚女生,poly毕业,薪水gross1.9k-2k,spass,工作8个月申请,私人医院上班,保佑保佑!
6个月半拿到pr!!好开心！感觉不是看薪水",通过
"来新8年，本地JC+公立本科，单身女性，媒体行业，EP。首次申请。
",通过
大陆985本科。新加坡Msc。工作两年申请。工程师。月薪4000多一点点。老板推荐信。26男未婚。三个月不到秒拒。在我意料中。身边好多类似的case。。。,失败
"女，05年来新，政府中学3年，Poly3年，UK本科3年（有去MOE交担保金推迟TGBond），15年本科毕业回新工作。S-Pass，大公司，会计，Basic2k3,Gross
2k6，工作近7个月申请。之后主动发邮件更新薪资，Basic2K8，Gross
3K。17年5月22号收到ICA邮件更新父母信息，父亲政府单位，如实填写，23号回复ICA，一周后5月30号，PR批准。一共历时12个月零2周。


",通过
"
NUS本科，来新十年，EP月薪3K.中间加薪到4K并更新。4月份ICA发信问是否带妻子一起后把妻子加入，一个月后批准",通过
nusbachelorclassof2016,通过
ntubachelorclassof2016,通过
"
NUS研究生文凭，NTU硕士在读，大陆本科与双学位。13年7月来新，工作两年半后申请，软件工程师，薪水4k，有老板推荐信。单身，男，EP，第一次申请。后续：三个半月被拒了。补充信息，今年28岁，非独生子女，有个大我8岁的哥哥在老家陪父母
",失败
"男薪水4600带老婆2300孩子2岁不知结果如何第三次申请
",失败
"EP来新加坡三年，带一个男孩,老婆新入行幼师（现退出）,第三次申请通过。

",通过
"
11来新NTUMsc第三次申请",通过
"
来新8年多，工作四年多，SIM本科毕业，上市规模公司工作，平均月薪4K+，第三次申请于2016年09月02日递表2017年01月多reject，之后appeal，02月01日改成pending，04月03日再次reject。前后算上appeal共申请4次，现在决定打包回国发展。

",失败
"全家第二次申请，男主43岁，从SP转EP，8.5K，第三国master，申请时来新4年半；女48岁，DP，2.2K，国内中专；男孩13，政府小六。期间补充女方工资，孩子考试奖状和中学就读证明
",通过
"
",通过
"中国PHD，薪水7k，申请1次悲剧，申述1次悲剧
",失败
"
本科，新加坡工作五年半，薪水不到三千.",通过
"
06年来新，政府中学+poly，毕业拿sp，历时135天准准4个半月approved",通过
"本地公民男担保马华人女配偶16年7月ROM12月申请PR
4月15号网上查询结果发现已批",通过
"家庭申请，男带女加一个小孩。国内博士，来新一年半，basicsalary8000。女为NTU在读博士。小孩一岁半，在新读幼儿园...估计会杯具
最后杯具了
",失败
"夫妻EPDP,EP国内本科，DP新加坡硕士。来新6年，无孩，年薪80K。
第四次申请，4个月批。",通过
"本人国内985本科毕业，2016年8月来新，在nus读fulltime
master，9月和老公登记，10月申pr，整整半年通过了。老公是sm3，nus本科毕业，来新7年，工作两年，2016年6月拿到pr，年薪6w5
",通过
"2016年3月24日，一家三口申请，主申请人09年7月开始在新加坡工作，英国master，大陆degree，一直EP，第四次申请，目前世界五百强企业，globalrole，产业巨头。basicsalary
6.5K+，另外还有9%的外国人基金，加起来7k多一个月。annualpackage110K.31岁。太太和儿子在14年六月来新加坡，儿子目前四岁不到，在childcare
centre。太太目前持有LOC工作，月薪2.1k，office工作。申请一个半月后，被要求补充双方父母的资料。10月初收到拒信，10月10日去ICA提交上诉。。。。

2017年3月补交了新的工资单，正常的工资增加，2017年4月6日，approved",通过
"一人单独申，来新2年，金融业，月薪10k，补交父母信息一次，历时1年


",通过
"31岁单身，EP,国外本科，来新1年半申请，历时9个月通过
",通过
"男申请DPR，海外博士，EP来新加坡两个月后申请。女PR已1.5年。
",通过
"EPpass,国内本，坡freshPhD,带妻子（DP)申请，2月份时候因为合同续约了，给ICA发过邮件。申请时男来坡6年，女4年，longterm转的DP.
感恩坡政府，感谢狮城er搭建的平台，特来更新。祝大家早日拿到身份，日子越来越好。
",通过
12年来新，2年半WP，一年半SP，老公去年刚拿到的新公民，结婚两个月就申请了，历时四个月，今天查询approved，太激动了，祝大家好运。,通过
"EP,BasicS$4K+,本科国内985,211,NUSmaster,来新4.75年,工作3.75年,独生子女,Single,4thtimeapp,4threjected.
",失败
ntu本科毕业来新8年，4k+工作一年。,通过
女，大龄单身，EP，国内本科，来新2年，提交前申请了本地公立大学的master（业余）,通过
"2008年3月来新,老公2014年12月来新,2015年8月在马来西亚结婚,2016年9月27日用SP带老公一起申请,还在等消息，已经5个月的等待，希望有好结果。。。
等待是个煎熬...很开心的一次就成功申请，反复检查了几次深怕系统错误，不过几次的结果都是“Approved”。。。现在等待收到信做进一步的过程处理

",通过
"马来西亚，女带丈夫一同申请，只是普通执行员，等了5个月希望有好消息。。。

",通过
"NTUPHD，女生是researchfellow（EP）,带着老公researchfellow（EP）
一起申请，中间ICA给老公打过一次电话问薪水多少，但是没有要payslip，2017年2月6日approve,3月9日拿到IC。祝大家申请顺利~~

",通过
"这是第四次申请了。
夫妻10年来新，国内985，NTU硕士，男主申请人，薪水5k+，女5k，孕期被拒后带着医生开的男娃证明去appeal，还是被拒。真费劲，快绝望了。",失败
毕业工作一个半月后申请，希望不要被拒.希望快点出结果,通过
"感恩，通过了，在phd毕业之前~
老公是pr，我本人现在还是phd在读快要毕业，结婚三个月后申请。祈祷~
",通过
NTU本科，薪水3K+,通过
"25岁，未婚，薪水2.5k媒体工作，马来西亚人，台湾毕业，在新加坡工作两年
",通过
"NTUFulltimeMaster,13年fall来新，base四千。结果意料之中。没想到这么快。

",失败
"男PRSponsor妻子申请，男本地公立大学本科，工作5年。女从国内来坡，补习中心华文老师ROM半年后申请
",通过
来新8-9年，中学政府中学，POLY毕业，工作11个月递申请，五月多一周得到结果,通过
LocalPoly+LocalUni，工作三个月提交申请，建筑项目工程师，basicsalary2600SGD，第一次申请6个月出头即approved，感恩！,通过
"2012年来新，公立大学master，毕业工作于consulting行业，薪资4k左右，第三次申请，依然失败，好难
",失败
全家申请（第一次）；男EP，第三国硕士，来新接近四年，月薪$10K+，非独;女DP，homemaker;两个宝宝，均在坡县出生。老板写了一封热情洋溢的推荐信。,通过
"本地JC,NUS本科毕业，来新加坡7年+，工作半年申请，不到6个月收到IPA.非常幸运！希望大家新年有好运！
",通过
"中国人，本地JC,NUS本科毕业，工作半年申请，大年初二网上批准
",通过
"6月ROM，老公PRsponsor。11年底来坡，985本科，NTUMsc，工作3年，EP，薪水$3.5k。9月份补过一次父母和兄弟姐妹材料。

",通过
"
夫妻ep带小孩，小孩在新出生?，来新4年，第二次申请
",通过
"年龄30，09年来新，985本科，NTUmaster,在新时间master1年，工作6年，共7年。第三次申请。薪水7k+。",失败
来新十年，NUS本科毕业，本地公司工作8个月申请,通过
"$4000,EP,本地PhD毕业6个月,8月初补交父母材料（要求在两周之内补齐，但邮戳显示这信过了一周才寄出来，差点没赶上）。求好运！",通过
"夫妻国内985本科，男12年来坡，13年NTUMsc毕业，IT工作3年多4k+，女12年来坡，13年NUSMsc毕业，3k+,希望早点拿到吧。///准备回家！
",失败
"EP,BasicS$4K+,本科国内985,211,NUSmaster,来新4年,工作3年,独生子女,Single,3rdtimeapp.
被拒收材料，说是距离上次被拒不到6个月，只能appeal..
",失败
"Nationality:Malaysian
Sex:Male
Age:26yearsold
Qualifications:
1.BachelorHonsEngineering(Non-SG)
3.MasterscienceEngineering(NUS)
DurationinSG:2years
Salary:SGD3000
FamilymembersallstayinSingapore


",通过
"
来新加坡14年，2002来新，小中学都在这边，poly毕业拿SP准证工作了一年整申请PR,公司不给写我的资料，不过我照样提交，每想到3个月就下来了。四面佛保佑，要去泰国还神了！！！！",通过
"单身女子，35岁，来自马来西亚。澳洲多媒体设计学士，新加坡南洋理工大学资讯学硕士。硕士毕业以后曾获邀申请PR但没接受。五年前来新从事教育工作，是半个公务员。一直都是EP，月薪5K＋。等了将近7个月，PR获批。

",通过
"DPR,Malsysian,09年来新，LG拿到PR1个月我就提交材料，等了13个月通过

",通过
"
NTUPhD，刚工作一个半月就提交了申请。老婆已经是PR，所以是以EPholder身份申请，工资6K+，顺利通过。",通过
"女本地poly+8年新加坡+PR一年半+政府医院护士+Basic2,900Sponsor男国内211+4年9个月新加坡+SP+Oil&amp;GasEngineer+Basic2,900.
5月下旬ROM6月上旬申请。静静的等着。。。
",通过
"couple，来新5年多，男NTU博士，外企工作，EP，5K+，女，NTU硕士，NTU工作，3K+
",通过
"GF月薪7000失败
",失败
"男带女一岁宝宝申请，半导体行业，国内211本科，来新五年，薪水4.5K，SP。女国内985硕士，来新3年，4K，SP。三个月秒拒。好难过

",失败
工作接近一年后去申请，薪资3k＋，用了7个月批准了～:)专业是机械工程师,通过
"老婆申请dpr。老公08年来新，国内本科，NTU硕士，pr6年,basic
5000+。老婆11年来新，国内TOP3大学本科，申请时NUS博士在读。结婚两个多月申请。7月份毕业，还没UPDATE学位证，也没工作，就正好收到PR通过的信了。",通过
"来新5年多，ntu毕业phd一枚，毕业后拿EP做postodoc，工资4k+,工作8个月后申请，等了5个多月终于被批准


",通过
"DPR,老公担保申请。两个人都是27岁。老公：PR不到两年，NTU本科毕业，SMUpart-time在读master,薪水basic4000,大公司。来新快9年。后来单独申请SC(已经批准)。本人:
国内二本毕业，薪水2200，SP，申请时候来新两年半。ROM一个月之后申请的，历时了13个半月才批准",通过
"国内985本科，12年来坡NTUMSC,13年工作
14年结婚，老婆也是NTUmaster,第一次申请，3个月秒拒。第二次申请，pending15个月要求补家庭信息，10天后网查approved

",通过
"本地PHD男，单人申，工资4000+，交申请后一个月被要求补交材料
",通过
"
马来西亚男30岁，Spass，wp11年，来新12年薪水2000+，ITEparttimehighernitec文凭,已超过6个月还没消息。希望有好消息，因为材料准备和申请程序很麻烦",失败
"SM3，独生子，薪水3K，等了近6个月终于批了，祝大家好运

",通过
"
来新11年中学ITEpoly2015年毕业，等了三个月零十九天上帝保佑终于批了",通过
"老公prsponsor，本人在读博士，均来新八年

",通过
第一次申请，马来西亚籍，马来西亚学士毕业。2014年12月来新，拿wp，1月末辞职。2015年3月末新工作，金融业，EP，底薪2K，全部不到2.3k。,通过
"国内top2MD，medicalofficer,salary7k＋，2014.7来新，单身女，第一次申请",通过
"家庭申请，男主申，NTUPHD，EP，4k+,工作一年，中间ICA发信要交PHD学位证，7月底convocation拿到才补交上。女，NTU　PHD，交论文未答辩，继续在学校做RA，SP，不到4k.
男孩，三岁多，新加坡出生。
P.S.，刚准备换工作，MOM前几天刚批了新的EP，换家大公司。觉得他们内部系统绝对是连着了，过几天这边就更新状态了。",通过
"
",通过
12年来新，两年WP，后来换工作，SP，申请时2900+，SP一年多，pending过程中加薪两次，结婚，补交父母信息，然后通过,通过
"R砦鞴と,工作7年，workpermit6.5年,EP3个月,第一份工作,Marineservice,CETdiploma,basic2.4K,annualincome39.5K
",通过
"SPass,Malaysian.
",通过
"2007.9来新加坡读OLevel,2009.4-2012.4读SingaporePoly,之后去英国2年。2014.7回新加坡读master.2015.8开始在新加坡工作。政府工,薪水4k+.

一直忘记查了。。8.5回家收到了信发现通过啦哈哈
",通过
"
2yearsS-passholder,Monthlypay3550.Husband(alsoPR)sponsors.Approvedjustbeforemylastday.so
lucky!",通过
"来新8年，'O'Level1年，poly毕业，工作4年工资3.5K
求好运！
",通过
"EP,Basic5K+,NTUmaster,来新四年工作三年,第一次申请，三个月20天被拒。",失败
"马华男，32岁，SeniorFinanceExe,EP,Basic$3100,私立大学DegreeinAcc&amp;Fin(PartTime),历时八个月
",通过
"本人211本科,老婆master,夫妻申,家庭月收入8k+,均氖掳w行I,SPholder.硇4年,第一次申.

",失败
"国内一线城市户口工学学士单身来新5年独生子女第四次申请年薪120K。
",通过
国内211+985硕士，来新七年。申请时薪资不到8K。年龄37岁。带老婆和一儿一女，女儿三岁儿子六岁，老婆没工作。希望大家都有好运气,通过
NUS本科毕业。毕业之后在半导体公司上班，月薪3500.1年4个月终于批了...,通过
"马劳，单独来新1.5年，SPM文凭，SPASS,工厂Operator，历时9个月

",通过
"27马来西亚人2.3k++EP新加坡工作3年半学士学位
",通过
"poly毕业，薪水2.3k

",通过
"Poly毕业，工作7个月，S-pass，2.6k
在台湾旅行的时候看到被批准了，太开心！
",通过
"MalaysiaMale29yearsold,第三次申请。
来新工作3years++，EPHolder。
薪水4K++SGD。
在MNCIT工作。
最近补交资料
-新加坡ROMCertificate
-太太资料（PR）
-薪水单
",通过
"SM3，NTU，本地小公司，历经6个月，其中补交一次工资单，通过
",通过
"Chinesenational
S-pass
DiplomafromSingaporePolytechnic
2-yearSecondaryschool",通过
"
22岁，来新8年，政府中学+poly，工作半年后递交申请，spassbasic2200，历时6个多月",通过
"
22岁，来新8年，政府中学+poly，工作半年后递交申请，spassbasic2200，历时6个多月",通过
"MScandBEngfromHKGovernmentUniversity
&gt;8KandworkedinSingaporefor~3years
",失败
"MSC，新加坡工作&gt;2年，理，收入4000+,第二次申
",失败
"单身女新加披私立大学毕业之后去英国读master毕业后回新工作
拿ＳＰ一年后更新EP　申请时工作ＥＰ三个月　薪水３６００.　

各种求好运。。想要拿到ＰＲ后光速离职。。。哈哈


",失败
"SP,2009年来新。等了足足9个月才来拒绝,我的天啊,干脆3个月就拒呗",失败
"poly毕业，历时4个月多。在新加坡呆了差不多10年了
",通过
"先生主申请人。月薪11K+，来新5年多。本人第二次申请，（第一次是一个人申请）。Spass，月薪2700，本地私立本科毕业。来新快8年。

希望好运。
",失败
"本人申请DPR,来新6年，私立master毕业，工作4年多，做技术支持，月薪2900.老公SC,一间小公司的financemanager,gross5700sgd.2016年1月注册，2月申请PR.
",通过
"硇6年,211master,月薪6.7K,妻子和一起申,妻子也是master,一q半.
",失败
"
pass!!11年来新，12年进poly,15年毕业拿spass2.2k,求好运！
",通过
"15年poly毕业2.5k来新10年自己申请
",通过
"
POLY毕业，交了两个月薪水单后又补交了四个月薪水单，没有公司信。五个月通过，感谢观音菩萨保佑
",通过
poly毕业，没公司信。,通过
"EP,BasicS$4K,本科国内985,211,NUSmaster,来新4年,工作3年,独生子女,Single,2ndtimerejected.",失败
"
等了15个月，感谢主。愿大家也在耐心等待后有好结果。2010来新，大学4年，工作2年ep，未婚。",通过
"Master,female,single,10k+,sg5years
",失败
"本地phd，09年来新，单身男
",通过
"
女，PR，政府医院做工，男，持DP，工程师，月3000左右，由女方担保申请，4个月1天批准",通过
"马来西亚男，Spassholder，basic2500,在新工作4年，父母双pr。Approved了，感恩！
",通过
"2010年poly毕业，毕业后在英国读master。14年回新，工作与poly专业对口。提交申请后在新结婚，3月7日来信补交结婚证(老婆15年8月拿到pr)。pending7个多月终于approved。
",通过
"
夫妻两人，男主申，NUSPHD，来新六年，现为博后；女副申，NTURA，合同较长。交材料一个多月后即收到ICA要求补交父母材料信息，又等了两个多月通过。",通过
"28岁，单身，澳洲的本科和硕士，在新加坡考了个acca，2012年来新工作，没换过公司，申请时3.5，后来用邮件交了加薪到4.5的工资单。申请的时候老板还给我写了一个supportingletter.
",通过
"国内985本科NTUPhD刚交论文
MNC4.5K/Month
EPholder
工作五个月提交/三个半月应该算秒拒了吧，看来得等拿到毕业证先",失败
"男,单身,2015Poly毕业,来新7年,6个月工资单,Basic2200,pending4个半月Approved,Finally...",通过
Poly毕业Basic2200在新10来年小公司,通过
"
testtest",通过
"POLY毕业在大公司工作因为quota问题之前拿了一年WP,换成SP后马上申请PR,pending九个月时写email问进展,2月收到补交父母的信，但SB房东3月才给我，
去ICA补交并写了解释信，四月终于批下，等了整整1年。FK
",通过
NUS本科，美国PhD。回新工作8个月后申请。Pending11个月终于批准。,通过
"本地工科Phd，国内本科+Master，在新5.5+年，女，单身，博后research工作，拿EP，薪水5k+，已经pending快7个半月，没有任何消息，等了好长时间，在这里更新祈祷一下，希望能过。加油加油。
更新一下：
4月11号查，刚刚通过，2010年来新，从交材料到approved，共历时近八个月，第一次申请，申请时已毕业在学校继续工作近一年，参加convocation拿到学校发的正式PhDdegree后才申请，当时只交了基本申请表格和两个向福利机构捐款单，未补充什么材料，希望能给大家一个参考，也祝大家能有好运。
",通过
"男主申：NTUPhD，申请时在新四年+、工作五个月，薪资6k，第一次申请。女副申：NTUMaster，申请时在新三年+、工作两年多，薪资3.7k+，第二次申请(独立申请过一次)。两人均国内本。整6个月时获批。
",通过
"
单身女，政府工，薪资3600，工作四年多，第一次申请，通过",通过
"国内top2本科，2009年来新，一直是EPholder，第一次申请，basic11kgross15k
某投资银行",失败
"2012来坡，公立Master毕业，政府consulting行业，第二次申请，月薪小于4k，2月末被叫去interview，问了很多生活工作相关问题，以为很有希望，结果被庙拒，略桑心，准备上诉一下
",失败
2003年来新，私立本科毕业，EP，薪水后来涨到5200，做人力资源的,失败
1991年，单身，女，来新六年，新加坡私立大学毕业英国文凭3年本科，第一次工作七八个月申请，三个月被拒，EP薪水3300.第二次申请又三个月被拒，更新薪水3400.,失败
"
老婆SC，NUS，薪水3.6k，担保申请！本人无本地学历，有做工，薪水4k！1月22号来信让补过去五年的工作和薪水，2月2日递交！",通过
2015年5月poly毕业，4月参加工作持SP.,通过
"08年来新加坡读政府中学
大专毕业工作一年
月薪$2500
",失败
"EP,BasicS$3.7K,本科国内985,211,NUSmaster,来新2.5年,工作1.5年,独生子女,Single,firsttimeapp.",失败
"这是第四次自己申请，中间有一次是老公是主申请人。还有申请过两次longtermvisitpass都没下来。08年来新，薪水2500
现在的SPass下个月到期。。。。。公司没有renew不知会怎样。。。。。。
20Mar2016发Email问ICA,22Mar2016上网查发现Reject",失败
"Poly+SPass+底薪2200+6个月工资单
",通过
"
PhD5Y+research$5,500Approved",通过
"09年来新，Poly毕业，六个月工资单申请，pending近十个月，过了
",通过
"夫妻医生独立申请，北大毕业，申请时工作1年9个月，中途ica建议改为家庭申请，重新填表。通过时totallyworked2yearsand4months
",通过
"女带男夫妻申请，女国内985本科硕士，男985本科，女ntuRAEP4年，parttimephd在读4年，男来新半年smumaster在读。第3次申请，前两次女单独申请被拒。
",失败
"R砦人，紊怼Ｌ炒W室仍ODiplomaI，硇鹿ぷ3年，一_始拿EP。申第二次才通^。
",通过
"单身，第一次申请，拿wp2年，申请2个星期spass，spass通过在1月2015年，4月2015年申请pr.薪水$2.0K
",通过
"男带女一起申请来新1年4个月UKmaster,两人薪资均3400",失败
"新生儿,20150831在新加坡出生,1001号父亲递交pr申请,希望好运!

",通过
"全家申请,男7000，国内211本科；女3500，来新工作2年半，求好运。---天天刷,在执行购房合同最后一天得到结果了.可以安心交税了.:(
",失败
"phd,s$4500
",失败
夫妻女带男申请，女方来新六年多，本地博士学位，现在博后职位，薪水4000+；男方国内985本硕，13年来新，薪水5500+.Blessall~,通过
我老公是马来西亚PR。PR六年。新加坡义安理工毕业。我们是2015年6月13号注册。7月15号递交PR申请。11月7号就出来结果。pass。本人是中国高中毕业文凭。希望你们也能好运！,通过
EP，之前在新2年离开，此次回新8个月后第一次申请提交资料，估时间太短。,失败
"申请人男,SPholder,薪资$3000,2014年7月才来的新加坡然后就开始工作一直到现在,美国读的本科,老婆是高中时期在新加坡拿的PR,工作半年后申请。01-22悲剧。
",失败
"全家申请第三次通过来新5年
男公立fulltimemaster女私立本科独生子女带一个两岁的儿子家庭收入11000
",通过
夫妻共同申请，来新5年半。男方NUSPhD毕业5个月申请，工资4000.女方NTUMaster毕业，工作4年。,失败
"poly毕业，英国本科、研究生毕业，上班半年后申请
",通过
"
来新加坡10年，在这里政府中学初一开始读，考了O水准，新加坡理工学院SP毕业，现在拿EP，工作10个月，月薪4k左右",通过
"
EP申请时在新已工作两年，新水〉2400。Diploma，老婆已是PR。",通过
"
2009年1月来新，中国人，私立本科毕业，EP,4000basic,金融行业，工作半年申请。
",失败
"来新五年半，POLY毕业。工资2KGROSS2.3K
",通过
"
来新13年，一直读政府学校,Rp毕业先工资2500，加提成3500到4000，工作6个月申请，没有任何介绍信，马上5个月了，希望可以过。.

12月的时候自己主动补交薪水单根公司介绍信",通过
看了很多，也贡献个自己的例子。夫妻EP，SP。女方主申请，来新5年＋家庭收入basic8k+.各种组合第四次申请了....希望能沾点大家的好运。,通过
"马来西亚男，25岁，第3次apply,薪水2.5k
",通过
"夫妻俩第五次申请，老公是主申请人，国内本科学历，分别2010年8月及11月来新，11年在新结婚，没有小孩，工资5K，EP。
这次reject的特别快，两个月，不知道是不是因为申请次数太多了。申请时间和上次被reject间隔一年以上。
",失败
将近五个月批地。NTU本科，工作四个月后申请，补交过3个月的工资单和父母资料。,通过
Studentpass2014年9月硇录悠露潦椋26岁，明年四月毕业幼师.今年6月低ROM后老公帮忙申请PR，顺利通过！,通过
"3.2k,24yearsold,LocalPolythenLocalUni,Comefor6years.
Male,Single,Malaysian.
",通过
"$3600,NTUdegree",通过
"
NAFAdiploma毕业SP工作11个月。老板推荐信。工资2200",通过
英国名校本科毕业后来新工作两年申请EPgross5.4k单身非独生子女,失败
"2年前个人第一次申请7个多月后失败了。国内一般本科来新5年多月薪5000，这次带老婆儿子一起申请，他们都持DP签证来新2个月，儿子1岁半





",失败
"NUSPhD刚毕业。来新5年+
刚刚查竟然批下来了，刚好5个月。
本来觉得最近PR申请都挺难的，看到批下来挺意外的，所以分享出来祝大家都好运：）加油加油！


",通过
"Husband:NUSPHDwith1-yearworkexperience;
Wife:NUSmasterwith3-earworkexperience.",通过
"
Couple:NTUPhDResearchFellow+BachelorAccoutant",通过
"
夫妻，女31，国内教育本科，政府学校教师，薪水4000。男34，国内艺术类专科，无本地工作。来新加坡3年。。。。。。",失败
"2009年来新加坡读书，BCAA，Diploma毕业，现在是spassholder,工作两年，希望可以通过，工资$2600,感觉最近希望不是很大，申请不上打算明年回国了。
被拒了，哎，注定要回国了。现在真的太难了。",失败
"女生北京Top
2文科类大学本科，NTU硕士毕业后留新工作，共五年，26岁。老公北京重点本科，澳洲名校硕士，2011年毕业后来新工作，金融类，28岁。5月底申请，两个月后收到补交父母材料通知，之后9月底通过。共历时四个多月。
",通过
"25岁，SP大专+NTU本科毕业，工作半年后申请，月薪gross
3200，五个半月时被召唤补父母工作信息，一共等待整七个月终于批准。感觉是受大选影响了，然后公司太小（10个人），整个进度比较慢。大家耐心等候，该来的总会来的。
",通过
"
申请时EP一年，4.2K，香港本科",失败
"七年来新,国内硕士,固定薪水5500新币,申请第四次悲剧
",失败
"10年来新，NTUMaster,制造业Engineer,monthlybasicpay$4K+，独立申请。

昨天星期六查还是Pending,今天下午刚刚查到Rejected了，Sigh...",失败
"马来西亚人和老婆(中国人），孩子一起申请
来新８年　Wp６年　Spass1年　Epass１年$4200
ITE学历等待９个月终于批了，辛运，感谢主

",通过
"国内本科，NTU硕士，来新两年，单身男，engineer，工作半年申请，试试看！
",失败
"
来新10年，政府中学--&gt;Poly,工作半年申请，老板推荐信，政府部门,SPass",通过
"女,单身，来新国三年。EPholder.IT
学历是澳洲BachelorDegree

",通过
来新8年，12年SIM专业毕业，14年SIM本科毕业.工作1年，薪水3500+求好运。,失败
"单身。30+岁。PhD（国外的）。EP，月薪15k。每年SRS交足。来新2年多一点的时候提交的申请。没有employer的sponsorship。申请的时候说4-6个月出结果，实际用了5个月。
",通过
"本地私立的Degree来新8年多工做4年。去年11月份结婚老公是本地人。今年三月担保申请PR.7月中收到ICA的信函关于补充家庭成员信息。
",通过
"老公pr两年多，来新近10年，28岁，老婆来新2年，26岁
老公mdis本科，老婆sim的diplomaforgraduates＋国内普通本科
老公basic6000,gross6600,大公司，互联网行业，老婆basic3000,gross3500，小公司，石油行业
2013年11月新加坡注册结婚",通过
"ITE两年-NYP三年-工作11个月，Spass薪水$2500
",通过
"Poly.$2600.申请的时候工作7个月，（公司不给签字）。7月中收到ICA信件要求补交父母资料。今天中午查已通过。
",通过
"
夫妻-男主
男：31，来新加坡7年了，EP，建筑行业，底薪6000.00（还有些commission，加起来差不多7500.00），国内本科学历-非独生子女
女：28，来新加坡6年了，ep，金融业，薪水4300.00，英国本科学历-独生子女

",通过
"主申请人，男，29岁，北欧本科，硕士，来新3年+,EP,ITEngineer,薪水4500,带老婆和孩子一起，老婆，30岁，北欧本科，华语中心老师，薪水2000,DP，宝宝，20个月。
第二次申请，去年2月第一次申请，一回国就被拒了。祝大家好运:)
",失败
"马来西亚人，持S-Pass3年(2012-2014)，澳洲大学Degree,月入新2500，2013和2014有缴税，第一次申请
",通过
"WPTWOYEARSSPASSFOURYEARS(WORKINSAMELOCALCOMPANYFORSIXYEARS)SINGLEFEMALEMALAYSIANWITH
CHINAUNIBACHELORDEGREEEVERYYEARPAYINCOMETAXONTIME.得失心不要太重，是你的就是你的。
",通过
"
13年poly毕业，14年澳洲八大本科交了TG，工作1个月提交申请，EP3.3k,无工资单，第一次申请后来补交两次工资单一共交了5个月的工资单，期间换了工作SP,又换地址",通过
"
老公sc本人ep薪水$4000申请时来新3年不到26岁国内211大学毕业15年5月19补交了材料不知道结果如何害怕紧张
",通过
"
NAFADiploma毕业工作半年申请没有公司表格自己申请,终于批了历经8个多月",通过
"
09年POLY毕业，回国4年。13年中回新，14年4月开始做admin，SPASS。工资2300+",通过
"女，国内211本科，上海工作3年多，来新工作3年多，一直在同一家公司，出版行业spass,薪水2250.老公公民。第一次来新一年多以自己名义申请一个月内被拒绝，
14年12月ROM注册结婚，15年3月老公担保申请，通过。大家努力好运！
",通过
"2010硇,PhD(US),yearlySalary+bonus$170,000++,P1pass.研究工作
",通过
"sp2200,第一份工作两个月跳槽第二份工作一个半月申请，老板推荐信，历时八个月差两天",通过
"在新三年半，已婚，EPholder，Diploma，没推荐信，第一次申请。。。。。
薪水2000+250",通过
"EP,年薪&gt;250K,2015年三月工作至今",通过
"EP,年薪&gt;250K,2015年三月工作至今
",通过
POLY神器少于三个月通过,通过
"POLY神器少于三个月通过
",通过
"
老公马国公民，新加坡PR5年多，薪水6000+，新加坡工作7年，世界500强公司；老婆，第三国家大学文凭；新加坡工作6年；WP，底薪2000。。正好半年通过。最近好像放松了。大家加油。。。",通过
"老公pr6年poly毕业电子工程师月收入3000
担保老婆dpr，老婆国内大学本科，新加坡一年制私立硕士，工作3个月申请，补习中心华文教师月薪1800。结婚半年",通过
"
08年底来新，私立OLevel一年+Poly三年，工作一年半（1年WP+半年SP），SP第六个月时申请

",通过
"2013年7月申请，工资不固定，ep。
2014年8月老婆生孩子，10-10重新排队申请。
2015-5-21通过。
老公EP，公立大学毕业，工资3k，老婆SP，工资4k，",通过
"说好要和大家分享的。条件是夫妻双职工，大学本科毕业，两个孩子，非独生，家庭总收入超一万，申请时主申请人来新四年半，第三次申请。通过。

",通过
"说好要和大家分享的。条件是夫妻双职工，大学本科毕业，两个孩子，非独生，家庭总收入超一万，申请时主申请人来新四年半，第三次申请。通过。


",通过
2014年4月第二次申请，EP女+StudentPass（PRpending期间换成SP）男,通过
"夫妻申请，女主申，NTUPh.D，14年毕业，工作6个月时申请，申请时月薪5000+，加薪后写邮件更新了信息。男国内小本，申请时在新加坡做老师。6个月等待时间不短也不算长！希望所有申请的人都能有好消息！
",通过
"女，23，本地公立本科毕业，来新5年，工作6个月申请，EP，小公司，basic不到4k
",通过
"
SPASS,毕业BCA学院，基本工资3700来新近五年。第一次申请失败，第二次二月刚被拒。",失败
"单身NTUMSC11毕业，薪水4000左右，SP.希望通过
",失败
"30yearsold,degreefrom985211,mscfromNTU,R&amp;DEngineerinGermancompany,SPass,basic3600,3
yearsworkingexpinSG
",失败
"2008年9月来新，2014年POLY毕业，历时3个月10天。SP，薪水2200，工作五个月申请。没有交税单，没有老板推荐信，没有补交任何材料。
",通过
"男方公民，女方来新2年半，14年2月申请6月被拒，当时女方没工作，depend男方申请的。6月拿LTVP，找到工作，月薪1800，11月去重新申请，ICAOfficer建议appeal,
于是写了信和推荐信，12月份上交，15年4月批。",通过
"以前被拒一次，NUSMaster，985本科毕业，来新工作3年，EP月薪3000，单身
",失败
2007年3月来新，2014年SMU毕业，历时2个月20天。EP，薪水3500，工作3个月申请。没有交税单，没有老板推荐信，没有补交任何材料。,通过
"来新一年半家庭申请，三个月通过。女方主申请人，27岁，薪水10k+，国内本科，parttime在读公立master。男方29岁，薪水4k+，国内本科，fulltime
公立master刚毕业，公司都是500强。",通过
"丈夫EP3年,小妹LOC文，家庭月入6300。
2013年尾第一次申拒^
204年12月再申，仍然失　

",失败
"POLY+工作S$2080.00+SPASS
",通过
"
本地poly毕业,工作7个月,月薪$2200,在政府医院做工.
",通过
"
虽然我是拿workpermit薪水1300到1400左右，但是因为时间表经常调换的关系。我想要提升多点技能。。希望能拿到pr之后能找份稳定的工作继续深造。。

",失败
"
虽然我是拿workpermit薪水1300到1400左右，但是因为时间表经常调换的关系。我想要提升多点技能。。希望能拿到pr之后能找份稳定的工作继续深造。。",失败
"女，来新四年，SP，金融，2200+，国内本科，已婚，29岁
",通过
"单身女，独生子女，SMUmaster,来新两年半，在新工作一年，月薪3.3K，公司/教授推荐信，自荐信。不出意外地被拒了。。",失败
"工资S$6000,NUSMaster,27岁，单身，国内top10本科，工作三年，IT，杯具，正在查询怎么申诉",失败
"
夫妻一起申请，男主，男27：1年master+4年工作共5年。工资4K+，女26：poly+私立本科，在新7年，工资4k，申请时bothEP.结婚3年，感觉夫妻一起申请成功几率会大。祝大家好运！
",通过
"TP女生21岁SP独身子女申请5个月批准

",通过
"SM1，04-05中三中四-olevel，06-07JC-alevel，09-13年5月NTU毕业，14年3月开始工作，EP工资2200
",通过
护士，24岁，单身，在新加坡工作一年7个月，底薪2400，月薪大概2900-3000,通过
"来新三年半.Poly毕业,日资物流公司,SP,独生子,单身,

",通过
"家庭共同申请，男方主，国内211本科，来新工作四年。女方国内本科，全职照顾三岁儿子，来新一年半。申请五个月被拒，再appeal，期间补交了升职信和加薪后的工资单，半年后终于批准了，希望各位还在努力的朋友不要放弃。
",通过
"poly毕业,ausdegree.Spass,Salary2200+，工作6个月申请

8个月，终于等到",通过
"
国内Top2，NUSmaster，工作三年，$6000＋，IT",失败
"国内本科，来新两年半，EP，薪水4500，公司推荐信
",失败
"
SM3basic2900涨薪3000更新工作四个月申请，历时半年批准制造业",通过
"国内文科985本科、硕士，女，申请时未婚，来新刚好四年，月薪basic
2000多，总共3500+。4年间有一段时间不在新加坡，在申请时有注明原因，今天查看网上进程，竟然approved了。历时5个月多一点儿。希望大家都能如愿！


",通过
"来新3年，工程师，EP，月薪3500，学士毕业。第一次于2013年三月申请，失败。第二次于2014年四月，等了九个月才收到通知
",通过
"来新5年，NTU本科，MOE奖学金，工作三个月申请，EP,工资3300
",通过
"
女，RP毕业,22，上班6个月时申请，昨天查通过",通过
"国内211本科工程类；24岁；来新3年；ProjectEngineer,Oil/Gas；BasicS$2,910,MonthlyS$3,500；第二次申请，第一次一年半之前
（BasicS$2，010）。

God'sGloryBlessMe!
",失败
"男,来新五年半,NAFA3+1Degree,EP,S$3600.",通过
"ITengineer，国内211master，工作五年后来新加坡。两年半后夫妻申请。薪水8000+
",通过
"manager,8000+,single,2yearswhenPRapplied",通过
"NAFADIPLOMA,工作一年半,工资1900.等了半年终于批了。。。",通过
"国内本，NTU硕，工作4年，4.8K，前3次申请均失败
",通过
"4yearinSG
",通过
"NgeeAnnpoly,
工作1年+,
basic$2200,SPass,
单身",通过
Poly毕业，Spass，月薪2300，女生。,通过
"Poly13年毕业,申请半年批了,周围的同学也都得了.工资2500但basic才2000
",通过
"
国内本二，来新5年半，Epass，basic5000＋",失败
NTUmaster来新两年，工作一年多，薪水刚到3500，碰碰运气了,失败
"
政府中学+Poly,diploma,SPass，工资2000+.来新7年。工作8个月申请，审批了快9个月，通过，自己申请的。
和姐姐一起申请，她的没到6个月通过了，我最后是等了9个月，实在受不了了，发邮件问，过几天就下来了。。。要是不问的话不知道何年月。",通过
"国内211本科毕业31岁
公司持有人-股东之一
薪水6K(BASIC)
第二次申请

打算上诉",失败
"lg是新加坡PR，新加坡本地私立大专学历，月薪8000+.我跟孩子拿DP申请，6月10号收到补充材料的信。lg来新超过10年，我5年多。10月14号终于批了。
",通过
"EPQ1pass,$4000,IT行业。国内重点本科，NUSpart-time硕士。来新3年。工作2年。配偶NTU在读博士。第二次申请被拒。
独生子女。听小道消息说，ICA不喜欢独生子女，因为容易把父母带过来。所以列了这个信息。建议大家也附上以供后人参考",失败
"O水准后Poly毕业，工资2300，SP，来新加坡快6年
",通过
"本地Poly毕业9个月交申请，工作8个月。月薪2000，销售工作。
历时7个月零3个礼拜
",通过
"big4auditor,来新9年,SM1,basicpay2850,Employmentpass,本地初中，本地jc，NTU本科
",通过
来新2年多，老公今年1月拿到的PR。第一次申请失败，第二次申请，5个月通过,通过
"
NAFADIPLOMA,SPASS,工作1年5个月，月薪：2100－2300",通过
"NUSPhD,公司工作刚满6个月申请，未婚，来新6年+
",通过
"
女，工作5个月申请。来新6年。OLEVEL到POLY。SPASS。",通过
"
poly女，护士，工作5个月申请，1月提交8月最后一天批准。历时7个多月。",通过
"来新五年，NUS的PhD,现在NUS的researchfellow，EP，工资4000，老婆来新四年，sp，工资3000+。
",通过
"理工毕业银行工作薪水2050来新5年多
",通过
"NUS2013年毕业,SM32008年底来新,一等荣誉学位,a*star工作,S$3650,4个月通过
",通过
SM1，来新近12年。Olevel+Alevel+NUS本硕连读。工作一年，底薪$3500,通过
"个人申请。本地PHD，在新加坡一个研究所工作，做scientist，在新加坡生活4年半。历时一年，通过。中间交了家庭材料。

",通过
"2011年7月来新，国大Master。2012年底毕业开始工作,申请时工作一年,行业：offshore
engineering，薪水：$3300，前几天刚刚更新薪水到3700就批了。自己是主申请人，有提交老婆PR的资料。祝大家好运。
",通过
"2005年获得过PR,2008放弃回国。
2010年再来新加坡工作，2011年申请但没有通过。
今年（2014年）3月再次申请，8月刚通过。

这次申请通过的情况如下：
职位：ProjectManager,薪水：$3300,学历：NAFADiploma.公司老板推荐信。

",通过
"
一家三口一起申请。申请时的情况：老公国内硕士，来新4年，收入3.5k+,EP，主申请人；老婆国内本科，来新3年，收入3K+,
WP；儿子2012年11月康生出生，DP，一直在新。12年六七月曾申请一次，四个月被拒。这次pending11个月+，通过。",通过
"工资2800，中学来坡9年，ntu本科毕业
",通过
"EP，来新2年，$4500，IT高级工程师，已婚，一个女儿，被拒，是回国的，到家第一天上ica一查，就被拒了，不知道是不是跟离境有关系??准备明年2月再以一家三口申请，加油?
",失败
"
政府中学+Poly,diploma,SPass，工资2000+.来新7年。工作8个月申请，审批了6个月，通过，自己申请的。",通过
"DiplomaSPass(8月)硇2年半第一次申
Salary:S$2500.00

",通过
"夫妻一起申请。主申请人牛津Master来新两年，月薪10000+
副申请人中国Degree来新一年半月薪2400


",通过
"夫妻一起申请。主申请人牛津Master来新两年，月薪10000+
副申请人中国Degree来新一年半月薪2400

",通过
"夫妻一起申请。主申请人牛津Master来新两年，月薪10000+
副申请人中国Degree来新一年半月薪2400
",通过
英国本科＋硕士毕业，来新3年，Epass，月薪3300。先生SC，结婚半年，sponsor，月薪4300.,通过
"P2pass,来新3年半,2011年技术类申请，拒绝DPR申请被拒。今年2月重新申请，通过。国内重点大学本科，年薪65000",通过
"政府中W-ITE-NYP-SPass(8月)硇10年第一次申
",通过
"国内211+985本科，NTUMaster，电子类，
工作三年，年薪65000。老婆是PR，但是我申请不是通过家属类，而是技术类。申请半年多时政府发邀请信，建议换成家属类，但是由于政府声明需要注册兵役，觉得不太好所以回信拒绝了，继续等技术类。最后还是批准了。
",通过
"nusphd毕业，现在nusRA。工作三个月的时候申请的，两个月的时候让补材料。七个月批了。
",通过
"国内本科，申请时来新3年零8个月，part-timeNUS工科硕士，EP月薪3800，硕士毕业已满一年

",失败
"Epass,来新8年！工作2012年3月正式工作！薪水5000.新加坡本科学历！失败一次。单身。",失败
26，男，已婚，大学文凭，来新工作2.5年，薪水超过4千，无需公司supportletter，与老婆一起通过，老婆没有在新加坡工作的经验。,通过
"已经等了好久，决定来登记一下，希望早点得到结果。老公是主申请人，NTUPh.Ddegree,毕业后公司工作EP，4500+。我是拿DP
工作，国内985master毕业教育专业，3500。有个男宝宝。我们来坡已经有5年多，以各种组合申请PR3次，appeal两次……如果这次再失败，我真是就无语了
",通过
"
第五次FamilyApplication。老婆MOE华文老师，重点师范大学毕业，来新6年，monthlygrosssalary
2800+。本人一路以来985院校混，经济学博士，国内有过银行和财政部的实习经验，助教职称，来新4年，主申请人，月薪4600。",通过
"主申请人phd，附属申请人国内master，来坡约四年
",通过
"OLEVELtemasekpoly毕业工作6个月申请起薪2000现在220008年来新6个月后通过

",通过
来新加坡3年，夫妻，国内本科，英国硕士，工资分别3000多，NTU,失败
"
FreshGraduate，2006年来新，政府中学N水准+O水准，2013年义安理工毕业，某本地房企公司工作6个月后申请，非独生子，BasicSalary$2000,Gross$3200.
",通过
"老公SC，薪水basic5000,楼主SP$2200",通过
"Apr13Poly毕业工作，Sep13申请，May14批。工资2000无涨薪水。
",通过
"
本地POLY毕业工作一年，在新4年，女。",通过
"SPassholder,salary$2800,来新6年，一直在同一公司。老公(SC)sponsor

",通过
"女，大专学历，来新6年，一直SP,薪水2500，老公local,
poly毕业，他近10年无CPF紧因为自雇人士，他年收入5万多，我俩于13年5月27日结婚注册，8月28日交材料，14年5月5日查到批准，供参考。",通过
"政府中学---NYP---Spass($2000)
独生子女",通过
"来新工作2年多，国内一本，P1,30+女单独申请(第一次)",通过
"Spousesponsoredbyhusband(SC).ROMlastAugandappliedforPRinOct.Totalwaitingtimewas6months.
Allthebesttothosewhohaveapplied!",通过
"
10年poly毕业，12年澳洲本科回新，底薪3000，终于等到结果啦",通过
"
NTU,SM3,StudentPass转PR,但是现在貌似不可以了",通过
"国内重点本科毕业，985,211.25岁，来新工作两年多，EP,basic3800.
带老婆一起申请，澳洲读书，硕士毕业，在新工作一年多，SP，grosssalary4500+选在了她生日的这天递交材料，期待好运。
等到五个月时候悲剧了，下半年再战。

",失败
"DegreeandDiploma,来新7年了
",通过
"国内大学本科毕业，来新1年8个月，SPass，月薪2000。
老公，sponsor,SC，月薪3700。

去年6月注册结婚注册，8月申请的。
",通过
"
Olevel+poly+5-yearstayedinSG",通过
"我带老婆一起申请，同为生物土博，本人申请时来新3年2月，老婆来新1年4月，两人工资basic都是4600+，
",通过
"夫妻一起申请，男主。
等待了5个半月，等待期间补过一次家庭成员信息，主动补过税单。在补材料的过程中，从来没有追问过审批情况，个人觉得问负责补材料的人除了显得你心急，其他没什么用处，不如耐心等待，该来的总会来~
你这个不如不拿出来晒，屁用没有，SB",失败
政府理工毕业，因为个人原因，申请两次失败，这是第三次，成功通过,通过
"是独立也是第一次申请，申请时EP三年，国内211毕业，Basic$3700...
",失败
"老公新加坡人，申请时已经结婚2年了，没有小孩。我自己是拿SPASS上班，底薪2280，老公薪水3000这样。今年初老公加薪了，然后有给ICA补充材料说加薪了。昨天早上查，通过
",通过
"Poly,2013年毕业，拿4个月工资申请，5个月后，PRapproved。",通过
"NUSB.ENG.(Hons),MSc,26yo,M,Single,来新7年半，刚开始工作6个月，EP，3400/mth
8月30日收信要求补交材料（家庭工作信息），9月7日补交。15FebApproved!",通过
"国内本科。2011年来新加坡，国大master毕业，正在读国大parttimephd，fulltimeresearch
engineer。申请时在国大工作1个月，在之前的公司工作了7个月。月薪S$3000。单身。
",失败
"Freshgrad,80kannualpay,B.E.inChina,PhDinNTU,4yrsinNTUand3monthsworkexpwhenIapplied
forPR.

ApplyforPRwithmywife,shewasEPQ1holder50k+annual,3yrs+inSG.WefinishedROMonedaybeforeour
applicationofPR.
",通过
主申请人海外工科硕士，在新工作1年后申请，EPholder，BasicSalaryS$4200，已婚，妻子国内文科硕士，DPHolder，月薪S$1800。三个半月收到通知。失败。,失败
"
poly，四大就职，SPholder，basic1800+",通过
"
来新6年，2012年POLY毕业，有Olevel证书。basic3800＋，EPholder
",通过
"
EP年底4年薪水+4500

悲剧again",失败
"24岁来新2年半Malaysiadiploma毕业工作4个月半epasssalary2600
",通过
"12年poly毕业，女，SP,工作8个月申请，月薪$2200,独立申请，有公司推荐信
",通过
"Poly毕业,S-pass,工作7个月后申请",通过
"
全家申请。老公EP1申请时来新半年。老婆4500刀每月申请时来新4个月。外加一男孩。夫妻硕士学历。
",通过
"2yearsinsingapore.salaried9k.wifedp,chinamaster.+2kidsgirltoapply",失败
"国内硕士，国内工作两年，来新三年，底薪3700+，SP.
杯具了，三个月零6天被拒。
",失败
国内985大学工科学士，12年10月来新，LVTP11月底拿到，然后买了2手房，现在无工作，老公SC（新公民，2012年8月8日通过），申请时结婚10个月。,通过
"来新4年整EP,工资4000元,补交材料,杯具
",失败
"主申请人：国内本科，NUSpart-time计算机硕士，在新加坡呆两年，工作1年。程序员，gross=basic=$3200。老婆：国内本科，NTU文科在读硕士，结婚半年多。申请一个半月后被拒
",失败
NUS本科，SM3，EP，3000-3500,通过
"EP,外PHD，第一次申，硇7月半，薪水4800
",通过
"
在新加坡3年半，薪水3500",通过
国内重点本科，工作4年（换了专业），申请的时候EP，2600basic，两个月就被拒了。。。。现在别说这个，EPrenewal也被拒了，被降级到S-Pass了，巨汗,失败
"
老公新公民，老婆国内大专，无工作，LTVP，结婚2年，1年税单，祝好运！一定会成功的！！！",通过
"夫妻，国内硕士，来新工作四年，EP+DP，主申请人basic3800，年收入60K

",通过
"POLY毕业，自己拒绝2010年的邀请信。因为当兵（2009年的政策）
后来工作，升职2800
",通过
"2011/3到新加坡,P2,Basicsalary6900+,老婆DP,basicsalary3500,儿子三岁


",失败
来新4.5年，SP，国内大专，男，30岁，程序员，再次悲剧。,失败
"紊,硇7年8月,polyI,持Spass工作1年,salary$1.8k
",通过
"
basicsalary:$3000+,申请时来新4年4个月，工作半年。本地私立大学degree毕业。4月中旬通过",通过
"MaleSponsor:SGLocalUniGradSalary:3K
wifeapplicant:CNUniGradworkinginSGfor2years+Salary:4.5K
Married=).Waitingtime:5Months
",通过
"来新8年,新加坡私立大专,上学3年,工作近5年,spass,薪资2000,女,未婚
",失败
"女主申请人,25岁公民，有个女儿也是公民,有个薪水3000,职位:采购。男31岁,来新8年6个月,私立大专,同一个公司，职位:coordinator,固定薪水3600,两年的税单,",通过
BEinChina，NTUPhD，EP2，MarriedwithChinesePR,通过
"NUSSM3,EPbasicsalaryS$2800

",通过
"
国内一本，在新工作两年，原EP,$1800;现公司工作一年，SP，$2000，单身女",失败
国内本科，来新三年。EPP2，单身，男。11月申请，第一次申请。五个月,通过
"新加坡亚太本科学历，27未满，来新5年，工作2年多，月薪2500，Spass

",失败
"本人国大本科，PR2年后2012年转公民,工资6K+。帮老婆申请居民，老婆硕士毕业在香港工作，薪水S$2k+，往来新加坡多次但未长居。5个月通过
",通过
"男方（主申请人）：EP,来新14+年，国大PHD，29岁，工资3800+，工作一年半，有公司推荐信。
女方（附属申请人）：DP,来新3年，国内本科，30岁，目前没有工作。之前拿sp工作过一年半，工资1800。
",通过
"
12年poly毕业，SP，工作4个月提交申请。",通过
25岁单身男，NUS本科毕业，硇7年，EP三个月时申请，月薪3500。10月13日补交家庭成员材料。20130301收到批准信,通过
"国内重点大学Master,来新两年，EP,7000+每月，独自申请",通过
"Nov2009cametoSG,EPholder.",通过
poly毕业，月薪2100，SP,通过
夫妻一起申请，两人工资都是接近3500，国内重点本科，NUS研究型硕士。25岁，08年7月来新，工作快两年了，有一年税单。,通过
国内硕，EP2年11个月，薪水5000+，离异不带小孩,失败
"女,Q1,Accountant,$3300;30,来新5年2个月;国内普通一本;ACCA,CPASingapore",通过
"帮我太太申请，本人03年底来坡，NTU本科，PR4年，目前薪水3000+，太太12年2月底来，12年6月中申请DPR，10月通过。
",通过
老公nus硕士，pr三年，来坡10年，salary3800，我还没找工作，国内top20本科，有两个国内的高级证书，刚好四个月就批了。放假前一天。很是开心，祝大家好运。我要好好找工作啦~,通过
"美国博士学历，申请时来新加坡一年。老公还在美国读书。一起通过。
",通过
"来新加坡7年，从私立考O水准，进入新加坡理工，2011年毕业，工作，拿EP，薪水1800，做了7个多月后辞职，之后进去新公司，现在薪水2800，EP,申请时在新公司工作4个月。",通过
"国内技校毕业，新加坡工作35年，SPASS,BASIC:1850",失败
女国内本科来新三年P2独立申请10.18补交材料1.18收到批准信,通过
女在新6年国内本ntuphd在读明年毕业讲师5000+工作一年,通过
"EP1holder,singlelady,stayedinSGfor2.5years,1sttimer",通过
"
NTU本科，Apple工作，申请的时候月薪3000+，结婚已经一年多，老公DP2月底过来，一直在找工作中，5月底就申请。8月份补交家庭材料以及老公以前国内工作证明，以及一封信证明老公在积极找工作。10月初我的工资提升3500+，老公找到一份简单服务业工作100+，最后居然在年底通过。通过的时候我在新7年，老公来不到1年。本来以为这样的条件很难申请上的。太幸运了！
",通过
"来新1年多，EP-Q1,美国本科+双硕士，Basicsalary$3600.marketing行业，单身女。",失败
NTU硕，在校一年，工作一年，薪水4000+，appeal失败。,失败
我理工学院毕业的，现在拿LTPass。8个月的女儿在中国。老公拿到PR一年半多，在新加坡待了快6年了。结婚也快一年了。我老公帮我跟我6个月的女儿一起申请。,失败
来新三年，5000+，NUS硕,通过
"女，未婚，30.
国内211学校商科本科，ntu商科硕士，至明年3月份来新4年。一年读书三年工作，月薪3500,年收入70k＋，2011年2月，2012年4月分分别申请过两次，appeal两次，均悲剧，感觉是不是单身女性的原因。
",失败
"
我老公来新加坡8年，现在拿SP，大专学历，薪水4200。我拿家属准证刚来正在申请工作准证，他带我和我儿子一起申请的，儿子八个月，我以前也在新加坡做过4年工拿SP,以前薪水是2550.学历是大本
",失败
"NTUMaster,在新加坡2年,一年读书一年工作。",失败
八月底申的，前两天杯具。我们的条件是夫妻双方国内top5phd，目前在nusntu博后，工资4500，来新两年半。,失败
"老公顶尖IT公司，薪水8.6k,国内985名校双硕士，儿子在新出生，夫妻来新1年10个月，我本地公司工作EP，薪水2.3k
申请PR2个月悲剧，appeal又是2个月悲剧。是否我们条件差太多所以每次都是速度悲剧？元方你怎么看？",失败
"男,单身,国内本科,工作3年后来新,现在刚好来新3年.薪水刚够p2.第二次申请.非等我满了3年才发也真是...",通过
单身男，来新8年半，本地Polytechnic毕业，NUSParttime在读，石油行业机械设计工作，薪水3300+，EP准证。,通过
"女，单身，SMU毕业，来新5年。EPQ1工作10个月申请，底薪3,300,GROSS4,500.10月4号批准。",通过
本人29单身男俄罗斯国立本科来新4年SP月薪3000+SeniorsoftwareEngineer这是第三次申请PRpending的同志们加油。,通过
"主申请人P2，3年半5000＋
附申请人Q1,3年3000＋
12月底补材料，
3月批准",通过
老公申请，老婆depend在美国，6个月等待，两人一起下来！万幸,通过
32岁女，来新3年半，英国双硕士，美资新加坡分公司，单独申请。申请材料递交后刚满三个月获批准。最近似乎是松动了些，大家加油！,通过
"
hi，广大朋友们，我5月30号交资料，8月30号批准，准准三个月...感觉最近的情形有所松动，要抓紧努力啊，时不我待...ep，薪水4000，来新5年
祝大家早日成功!
",通过
国内重点本，nus硕，nus工作两年（RA），工业界工作一年，薪水4k，IT类民工行业，主申请人，老婆国内重点本，nus硕，医院工作，dpr申请人。,通过
"
男，6月14日第二次申请PR,8月31日批准！
来新7年，2009年持SP至今。新加坡高级大专，现物流部门经理。工资3000。",通过
"本人主申请人：2008年3月来新，P2，基本工资：6500，国内Top5Master。
老婆：2008年3月来新，SP，基本工资：2100，国内Top10本科。
小孩2岁半在国内。

09年申请过一次，被拒，当时工资很低，加之来新时间短，被拒在情理之中。这次是第二次申请。

祝愿大家还在申请的好运！",通过
"一家三口申请。老公是主申请人。
老公：来新4年多，P2，月薪6500
老婆：来新4年多，SP，月薪2000
小孩：2岁半，在中国。

8月29号拿到信，历时3个月。
",通过
"老公是SM1,在新10年,去年国大毕业EPP2.
今年2月申请ROM,3月申请的PR。
我拿DP+LOC在工作。

3月26申请，8月28approve.

Goodlucktoall~~~",通过
"夫妻二人共同申请，男来新五年，本地PhD在读，最后一年转part-time拿EP半年后申请，申请时PhD尚未毕业工资仅2900；女拿Student
pass来新三年本科在读无收入。这样的家庭收入算是非常低水平了，本以为需要拿到PhD学位工资涨到4500才有可能批下来，结果李显龙国庆讲话之后就批了――批准我的officer真是一个胆大的人呀。PS:虽然工资较低，但所做工作属于本地看重的尖端科技，看来政府还会关照自己需要的人才的。
",通过
单身女，本地大学本科毕业，工作9个月，管理咨询。薪水6000+，有雇主的推荐信。,通过
"我本人2011年10月底来新加坡注册结婚，我本人国内普通本科，结婚后拿的是一年的LTVSP，本人没有做工。老公是公民，刚工作一年多，工资不高，
结婚后不到六个月去申请，4月14日申请，8月10日网上approved.刚才拿到信。
开心~",通过
"
PR今天终于批准了。熬了5个半月。条件分享

老婆是主申请人。在新7年。老公在新4年。家庭收入超过9K
老公老婆都是新加坡本地毕业。老婆本科，老公硕士。
第一次申请PR

高兴中。。。。",通过
登岛有5-6年了，simm毕业的，工作有3年了，工资1800（我知道不多，大一点的公司都他妈这笔样，不想着大公司，稳定么）。我老婆是PR，她给我申请的。,失败
老公马来西亚公民英国master毕业之前EP2老婆中国公民英国master毕业待业,通过
本地phd，单身女，p2准证，工作半年。,通过
EP月薪3000，来新两年，国内本科，求好运。,失败
"今天看到的。在新加坡小学，中学，Poly毕业，现在在本地银行工作。工资2K+来新加坡11年
",通过
"7个月的等待后今天被据了.前几天还觉得办事效率太慢,现在被据了,总算是有了个结果.可能条件太差了.PR4年，大专，2000底薪+1800~2000加班费和补贴。
每月大概4000元，给大家个参考。",失败
"我本人2011年10月底来新加坡注册结婚，我本人国内普通本科，结婚后拿的是一年的LTVSP，本人没有做工。老公是公民，刚工作一年多，工资不高，
结婚后不到六个月去申请，4月14日申请，8月10日网上approved.刚才拿到信。",通过
老公帮我申请，我硇氯多月，高中I，一月]裕老公新加坡人，收入7k多。,通过
老公PR4年，basicsalary4500，gross5800，老公SC申请中。我是国内本科，acca，没有工作，结婚3年半，没有孩子，来新5年，中间回国2年，,通过
"老公来这边六年，NPdiploma三年，毕业薪水1700等了36天拿到PR，之后工作三年，薪水去年gross3000，我们2010年这边注册，之后我在这边工作一年多，薪水gross
1500，去年申请四个月给批了，我也惊讶！
偶然看到这里，很感叹看不懂，这里一大堆能人啊，批了没批没个标准，政府的心思猜不懂啊，个人觉得本地读书拿的文凭比较有优势啊。
祝各位同胞顺利！",通过
"DPR，老公是大马人，结婚注册不到两个月后递交PR申请，5月初收到补充父母材料的申请，因为刚好怀孕，就一并上交了怀孕证明并附上一封自己写的申请信。
本人来新4年+，MscDegree，薪水3.5k+,老公薪水3k+，之前自己单独申请两次都被拒，这次刚好三个月！",通过
"DPR，2月17号申请，2月28补资料，之后一直pending,7月13号更新资料（提升），今天7月26号早上网上状态变成approved,
下楼查信发现已收到，应该是昨天25号收到的信，信上说是23号approved.

男，国内重点大学本科+研究生毕业（2010），国企工作一年辞职，11年10月来新，11月底工作，EP，码农，薪水3000。12年6月涨薪到3500。
老婆：03年SM3到NUS读书，08年毕业，当年拿到PR，12年7月份拿到NUS的ParttimeMaster学位，basic薪水目前4000+。",通过
"单身男，来新将近两年，在这里读了一年master，基本工资3000+，EP，
希望很小，但是还是想试试",失败
一家三口申请，来新一年多，都是硕士，EPP2。老公是主申请人，月薪8000，我月薪6000，女儿在新出生，6个月。,失败
"2008年11月来新加坡，从事IT工作，月薪4000+,未婚，一个人申请。祝大家好运！",通过
单身男，SMU，来新5年多。EP工作8个月。自己申请。工资3000.焦急等了4个月，终于批了，看来本地大学的优势还是在的。,通过
"老公帮我申请，他来新10年，08年拿pr，工资一般，basic不太到4000,本地私立学历。我本人国内本科，香港硕士，现在博士在读，拿普通的政府奖学金，来新3年。",通过
SPASS工作准证不到两年，薪水现在是1900。以前是WP准证，同时在读ACCA，现在第二阶段完成了，国内是大专文凭。第一次申请，结果是悲剧。哎，只能是再努力提升自己了。,失败
"
供参考。
国内985本科，硕士。新加坡在职硕士（这个月毕业）。
EPQ1三年半。engineer,basic3500,gross3900.
四月底申请，六个星期就被拒了。

在考虑拿到毕业证再申请或者等几个月满四年（但好像看到有人四年renewEP被拒）再申请。",失败
"3月13号提交的申请，中间自己主动补充过今年的税单和人寿保险资料，今天收到信，信是4号发出来的。
分享一下条件：欧洲小硕，工作现在三年整。p2，薪水4000+，已婚，老婆是本地parttime博士，还没毕业。sp,薪水3000+
终于等到了。
",通过
"
我25岁，女生，单身。2001年底来新加坡读中学，然后新加坡理工，2010年毕业，去年在本地银行工作拿EP-Q1了2个多月，辞职，3个月后，2011年底又找个工作EP-Q1工作4个月，4月17日第1次申请。就这样
",通过
"
条件如下：
07年毕业就来新，国内211,985重点本科，到今天4年零9个月，之前四年Q1准证，交材料时P2准证，薪水4500，和老婆一起申请，老婆来新两年半，S准证，国内大专，交材料时怀孕，交完材料一个月辞职回去休养去了。

等宝宝生下来准备再申请一次，再不成功的话，就准备回国了",失败
"才两个多月就批准了，条件和大家分享下：
2011年poly毕业，工作4个月申请的，薪水低低低到不行，EP准证，申请一个月的时候收到信让补交过材料。2个半月批准。
我的底薪不到2000，因为申请的时候还是试用期，又经常请假，有几个月的月薪都被扣到1000块左右。没想到这么快就批了",通过
"和孩子（1月新加坡出生,日本护照）一起申请。老公是4年pr,本人sp，来新1年多，3000+月薪，日本护照。",通过
先生是新加坡人，军队工作。申请时结婚3年半，无小孩，本人澳洲大学学历。之前在澳洲生活，刚来新加坡。,通过
"条件如下：老公主申请人，我和老公都是211大学本科毕业，老公工程师，EPP2准证，2010年6月底来新，我和女儿去年4月底来新，女儿读幼儿园，我目前未工作，今年3月15日申请，5月初刚EP和DPrenew好.

貌似等我老公来新满2年再批的，因为今天刚好满。一直觉得我们的条件不是很好，悲剧的可能性比较大，没想到批了，也许政策真的放宽点了，祝所有已申请的和准备申请的朋友好运！",通过
"
我2月申请PR,今天收到的准信，好开心！和大家分享一下，最重要的是持S准证的别灰心啊！我是S准证，在幼儿园做华文老师，来新8年。老公WP，来新6年，一个女儿在中国，全家一起申请批准了。我是在这边读的幼师，中国的学历是大专，老公的学历也是国内的大专，我是主申请人。一直说女的带男的不好申请，在我身上所有的奇迹都出现了，所以你们要申请的也加油啊！
",通过
"在下工资只有2000没有本科，GROSSSALARY只有2100，只有diploma,私立的。来新13年了。去年9月拿EP
人事部叫我等半年才申请PR，他也是说现在很难批。我就等了到今年四月去交材料，一次击中。过去12年半都拿WP。因为工资只有1000-1500。就这样努力的爬上来，才拼到的。祝大家早日已偿。",通过
"单身女，在新呆了近6年，工作1年，目前EP,NTUPHDdegree,国内本科，月薪3250，",通过
"来新4年，单身，一直持p2，09年申请杯具过，当时薪水4500，现在薪水5800
",通过
"

我的条件如下，2011年12月份申请，5月22日收到批准信，信上写的时间是5月16日，等待4个月20天。我是P2准证，申请时来新时间3年半。

以家庭为单位申请，全家拿PR.老婆SP准证，申请时来新3年半，宝宝DP准证，申请时6个月。这次是第三次申请，前两次分别等待3个月和1个半月被Reject.。

这次和前两次的区别是准证升级到了P2（为了给父母办LTVP过来照顾宝宝而升级），多了宝宝。

经过漫长的等待，终于批准了，在此也祝仍在Pending的朋友好运，也祝自己将来好运！",通过
"申请时来新二年四个月，本以为还时有可能通过的，想不到一下就被拒了，请帮我评断一下是年限不够？
老公国内211硕士毕业，EP，Q1月薪4000+另有15薪，本人国内大专，EPP2，月薪6500另有13薪，女儿一年前在新出生，一家一起申请，计划如果通过后就能买房给宝宝一个自己的家，哎现在杯具了
是否明年再申请希望大些？",失败
"国内大学土木工程专业毕业，08年4月中旬来新做本专业工作，拿ep(q1),老婆中学毕业，无工作，和女儿（4岁）拿dp，曾随我在新居住一年多，因入不敷出，经过讨论后，娘俩去年6月回国i到现在一直在国内。
",通过
"NTU一年硕
去年六月开始工作本地公司
EP3000-4000/mth",失败
"第一次，2010年8月14号交资料，同年11月12号拒绝。没任何理由和时间说法。
当时条件：现场工程师，本地一家B1建筑公司。EP(Q1)薪水2800。在新加坡2年2个月

现在换了一家本地小建筑公司，老板比较保守，10几年来一直没啥发展，想让我帮公司一起转型。职位是经理。基本薪水4200EP(P2).拥有公司40%股份。

以上是变更的条件，不变的是国内二本学历。土木工程专业。相应的这段时间获得几个本地工程相关的证书。",通过
"本人３月６号提交的申请　４月２号被告知补交材料，等了３个月多一点。　　感恩感恩。

本人申请时来新加坡工作4年5个月，国内211本科，从事海事服务业，　工程师，EP底薪3000＋　最早来新加坡时拿ＷＰ　然后转ＳＰ　再转ＥＰ　交了３年税单

大家可以参考，　本人觉得在新呆得时间是关键，３年税单，　然后你自己是不是决心要带在这里。

希望大家可以借鉴，　咱们在外国人地方都不容易，　希望同胞们都能早日达成梦想！",通过
"来新加坡四年.新加坡本地私立大学研究生毕业.工作2年.SPASS...
去年年底申请的，今年2月批准了.底薪是2000多.GROSS是4500左右.房地产公司的销售职位",通过
POLY　EP提供６个月薪水单,通过
"POLY,EP提供5个月薪水单（其间换过一次工作，之前是SP,1800/月）",通过
"老公，degree，薪水4k+，满五年，老婆degree,薪水3k+满三年，4个月零10天通过，祝大家好运",通过
"已婚，来新四年的样子，带老婆一起申请，计算机行业，salary3250,拒得很快啊，估计是薪水低了，7月新的工作，4000+，下次再努力吧",失败
英国博士，4年工作经验，工资6500，13薪。老婆LOC，SaleAssociate，1500+500提成。男孩，一岁。来新一年。提交2个月，悲剧！,失败
第二次以新加坡老公的名字申请，等了一个多月，还是被据。本人国内本科，在新工作4年多，一直拿SPASS。薪水2K＋，想来想去，可能是收入太少了吧。,失败
polytechnic2010毕业，EP六个月申请，四个月成功，五百强公司,通过
"国内211本科，船舶类设计工程师，08年6月来新，带老婆孩子一起申请，09年第一次申请被拒。这次倒挺快，两个月零9天批准。基本条件一般，本科学历，批准时基本工资4K+，Gross
6K+，老婆国内武大自学本科，来新后全职主妇。儿子刚满六岁。",通过
老公新加坡人，来新半年，国内本科，现在工作薪水2000，结婚8个月。,通过
"23岁硕士在读，SM3,NUSbachelor+master",通过
本地PhD毕业，工作半年多，月薪4500+，老婆DP，无小孩，一起申请，不到5个月通过,通过
"夫妻2人一起申请。老公主申请人，都是室内设计行业，sp，国内大专文凭。老公2450，我1950.来新到提交申请3年多8个月。老公跳过一次槽，有推荐信。我没有换过工作，怀孕，无推荐信。
希望虽然不大，但还是希望成功，要我们等待6个月！结果拒得挺快的，呵呵！挺好，少件事牵挂了！",失败
23岁单身女，来新2年8个月。EPQ1，master，月薪3000+,失败
"单身男，来新加坡3年多，工资2800，国内重本，计算机行业...
这是第二次申请了，还是被拒，第一次申请时大选前，运气不好，也悲剧了...
准备上诉...",失败
2011年6月底交的，等了9个多月，老婆DP，带老婆一起申请的，月薪2700，国内大专，SP，来新8年了，第一次申请,通过
"本人薪水5000＋，来新2年,EP,
老婆nusphd同申，儿子2岁在国内，未申请，才1个半月就收到据信，",失败
单身，男。来新5.5年，工作1.5年，工资2800，3月底合同到期。国内本科，国大Ph.D.parttime,通过
"我和老公2010年7月结婚。老公是SP快2年了，来新6年（都在同一个工厂），薪水大概每个月2700。已经连续交了2年的税了，今年的还没交。学历是国内的普通大专和ITE的NITEC
2。我是WP，来新快5年，在同一个工厂4年，现在在新公司快半年，薪水大概每个月1700。学历是国内的中专和ITE的NITEC3。老公的老板支持申请，答应帮忙写信。",通过
"申请了2个月看到悲剧,可是我觉得我们的条件还不错
和老婆一起申请,我是澳洲五星大学研究生毕业,土木工程师,老婆是政府雇员,国内本科,汉语老师,我在这里2年半了,老婆在这里三年半了,都是EP,而且工资都是3000+,新加坡结婚一年半了也,都很稳定.
",失败
国内双硕士，新加坡工作4年多，一直拿EP.大选前曾被拒一次，第二次申请等了8个月，终于通过。现在PR申请确实不容易！,通过
"夫妻申请，国内本科，来新刚好满三年，家庭基本工资总计7k+，去年12月底申请，今天拿到信，刚好满三个月。
",通过
本地nafa毕业，拿sp大半年。在新5年,通过
新加坡工作5年,失败
国内重点硕士。2008年初来新。2011年初申请。月薪3000+，单独申请失败。没写再等2年字样。中间有补交过材料。,失败
老婆PR护士，gross2000+本人studentpass,通过
poly/EP/工作1年半，期间换过4个公司，申请过3次准证,通过
夫妻双方为PR，为宝宝申请PR。宝宝在新加坡出生。,通过
父母双方PR，在新加坡出生，申请后4个月批准。,通过
新加坡私立大学硕士毕业（2年），毕业后做行政工作，2年1个月的时候申请PR，EP，工资2500,通过
"男本科4000+薪水，在新工作3年半
女大专2000在新工作2年半。
一起申请。",通过
老公EP工程师，工作2年多一点，薪水5k，学历研究生，老婆DP身份，本科学历，目前没有工作，来新1年多，带3岁男宝一起申请。第二次申请，4个月后通过。,通过
自己一个人申请，国内大学本科，EPP2。07年8月来新加坡实习，08年1月正式上班至今。,通过
"老公09年4月拿到PR，七月担保我和儿子申请DPR，十一月底拒绝，信上有写youcanapplyagainintwoyears此类字眼。当初不怎么理解intwo
years,以为是两年内，又以为是两年后。结果就按大多数人给的经验走，半年多后申请，也就是去年七月中再申请，等来等去都没有结果，到今年五月大选后也没有结果，就是那个时候我估计理解intwoyears
了，到今年十一月刚好满两年，到时应该批了吧，那时是这样想的。前两天（12月4日）网上查结果是APPROVED了。",通过
"苦苦等了11个月，煎熬哦~~11月1日批准。在这之前，上星期打电话询问，告知再多等1-2个星期，没有想到才过3天就收到批准信件。严重怀疑把我们给忘记了。建议：没事打打电话问一问。
跨国公司工作EP1底薪9000，来新刚好2年，第2次申请，全家3口全部通过，年龄已过40岁，孩子17岁。
",通过
国内和日本双本科。来新四年，做IT技术支持。薪水3K。老婆1.5K也在新工作。孩子2岁。,失败
"国外硕士,来新1年,4K（尚未纳税）,老公国外硕士,来新1年半,6K。估计EP的P2还是得等过了2年的坎，据信中未写明时间，计划6个月后再申请",失败
"在新6年，
09年初新加坡私立本科毕业
毕业后直接在欧洲公司工作
底薪4500加提成
有以前公司的推荐信
女，未结婚",通过
国内本科，来新2年，工资3000+，老公NUS博士在读。,失败
我在新工作四年，EP，月薪3000+，老婆过来一年，DP，月薪1500.两人一起申请，我是主申请人。,通过
国内重点本科，新加坡私立学校本科，来新4年，薪水3800，老婆回国生小孩。,失败
夫妻EP共同申请。国内重点本科毕业。来新4年半。,通过
"国内大学本科，新加坡工作3年，建筑行业工程师，月薪3210，加上补助3910，去年总收入5万多一些。和老婆今年5月份登记结婚，申请时我一个人，因为老婆拿WP,工资也一般。

去交材料很顺利，只是忘记带结婚证红本原件，长官让我填写了个没带的原因，就结束材料验收了。

回来一个小时后，一个长官竟然打电话给我，问我为什么不和老婆一起申请，我说明老婆的条件后，她也就没在说什么了。现在静心等待。",失败
TP毕业，工作8个月之后申请。basicsalaryS$1800.00/month.从事与所学专业完全不相关的工作。,通过
"夫妻名义一起申请，老公是主申请人，
老公：SMU本科毕业，来新7年（包括4年大学），工作3年，薪水SGD5.5K/月+年终过数万奖金；
老婆：CAT毕业,在PART-TIME读ACCA，来新4年，工作1年多，薪水SGD1.8K/月",通过
"国内重点本科毕业，来新2年，公司是世界500强，薪水4500++，老婆是PR，结婚半年，自己申请，悲剧。
可能的原因：1，可能老婆申请会比较好；2，自己还需要加油",失败
本人国内重点大学硕士，来新4年半，PR两年半，薪水4000+，替老婆申请，老婆国内重点大学硕士，但仍在国内就读第二硕士。,通过
老婆是新加坡公民，我大专学历，司机，现在月薪1300.以前2500左右，来新8年。。,通过
"第一次申请
来新三年半，私立大学MBA（澳洲文凭）+中国一本本科文凭
薪水2000+/月。
SP。单身。26岁。男。

第二次申请
来新四年半，私立大学MBA（澳洲文凭）+中国一本本科文凭
薪水2400+/月。
SP。单身。27岁。男。",失败
2010年Poly毕业，starharb工作，薪水1800，ep.申请时提交10个月薪水单。,通过
一家三口跟着老公申请，女儿半岁，夫妻两人都是国内硕士。老公来新4年，薪水4.5k。老婆3年，薪水4k。两人以前都单独申请过一次，当然那时候薪水不够。申请时有公寓房产。,通过
英国硕士，来新三年半，薪水3.5+，环境咨询行业，第二次申请，差不多4个月了，还是被拒，考虑上诉或者回国,失败
"男，单身，33岁，国内本科，EP4年，P2个月，薪水4300，期待中2011年10月20日要求公司出信证明职位薪水和合约期限及银行进出明细
2012年2月15日通过",通过
"夫妻都是PR,帮国内出生的女儿申请,女儿现在拿LTSVP",通过
NUS毕业，工资不高，已转公民。帮老婆申请，老婆国内大专...申请三个月通过,通过
2500底薪持SP工作2年8个月国内大学本科毕业已婚老公持WP工作2年一个人申请,失败
在新第四年，国内本科，nus硕士，用08年发的邀请信申请的，在政府部门工作。说要6个月以上，得慢慢等了！,通过
老公比我大20岁月薪2w在新有别墅结婚10天后申请我没有工作今天刚刚拿到信,通过
老公英国博士，来新工作1年，NTU，P2。我英国博士，7月参加工作，NUS，P2，带孩子申请。,失败
"国内博士，P1,工作5年来新6个月申请，老婆SP一起申请的，刚刚查到从pending变成rejected.",失败
NTUmaster，来新两年半，工作一年，薪资3000，老公PR,通过
"刚拿到结婚证的夫妻俩申请，来新10个月，两人都是EP(Q1)，国内重点本科，电子类公司
今天网上查询Rejected了，不到两个月，还没有收到信，怀疑原因：来新时间短，工资低，没有税单......",失败
老公NTU小硕，，土木工程，薪水3000+，来新三年半，pr两年半，，我目前LTVP，国内小本，护士，没工作，来新半年，，我们结婚2年1个月,通过
"自己国内本科薪水26岁2700+EP工作3年半
老婆24岁1500(申请DP的letterofconsent写的。实际2500)工作8个月.提交了3年税单，最近6个月工资单。9月10通知补充家庭成员材料

",通过
"EP,基本月薪2700,SIM毕业,UOL会计金融degree.工作2年半,专业对口.来新11年多点.在新念的中学,JC然后SIM.
2009年11月第一次申请,持SP,结果悲剧.后appeal两次都悲剧了.这次是第二次申请(按照ica的算法,这次算第四次申请,因为appeal也算一次申请).等结果吧……祝我好运！",通过
"SIMDIPLOMA,SALARY+ALLOWANCE2800,EPHOLDER,OVER10YEARS",失败
国内学前教育专业专科，国内做幼儿老师3年，在新加坡做文员10个月，幼儿老师1年7个月。,失败
SP毕业，工作半年申请,通过
SP毕业，来新六年，持EP，薪水2300+,通过
"MigratedtoSGatNov2009.
workasaITsonsultant.
Single.",失败
"24岁，国内小本，在读了个私立本科，1stclass,ACCA,工作7个月，EP，2.5K+",通过
来新加坡两年半，北美本科，NTU硕士，EP工作半年递交的申请,失败
"working18months,livinginSingapore2yearsuptilldateofapplication,masterofCSfromHK",失败
老公带我申请，薪水1750，老公5000，来新4年。我们两都是国内本科，第二次申请了，希望能通过可以买房生孩子,通过
我是地道新加坡人，为老婆申请PR，她和女儿来新五年了，我们结婚两年。妻子无工作，我的月收入大约六千元，硕士学位，注册会计师。,通过
"女,在新6年,polyI,薪水3000,EP工作半年申PR",通过
POLY毕业，SP准证，工作半年后申请,通过
"P2,6000+,提交时在新加坡工作3年10个月，妻子和孩子DP一起申请。三个半月批准下来。",通过
"单身，3000~3500，停留时间1.5年，新加坡电子类大型企业，中国国内本科学历，工作3.5年（中国2年，新1.5年）
19号发出的拒信，什么都没说，就说没成功。。。估计是：薪水不够高，非本地学校毕业，逗留时间太短，单身。。。。",失败
"10年2月来新，国内本科，EP,工资3200；老公新加坡本地人，工资6300。",通过
本人来新三年，读了一个私立学校的破大专，09年底嫁新加坡本地人，老公小我一岁自己有个公司，上星期查说还在等待，也没要我补交过资料,通过
"2010年9月来新,每月底薪4500.海外硕士",失败
一家三口来新不到一年申请，老公ep，我和孩子DP，我没工作，失败原因可能是来新时间太短了吧？不知道为什么被拒。,失败
来新三年，SP，单身，国内本科学历,失败
我主申请人，EP，底薪1825；老公WP，底薪800.,通过
"和老婆一起申请，老婆EP,S$4000,我PhD,scholarshipS$3000",通过
"老公是新公民,本科，薪水3K+,大我5岁。本人来新3年，国内大专，新加坡也读了个私立的破大专。原是电子厂WP，2010年9月底注册的。2011年2月辞职申请到LTVP一年期限。希望有好结果A！
昨天居然收到批准信了，内个激动得。。。",通过
o8年来新-工作，遇到个好男人-嫁了，这是第一次申请-过了。,通过
"去年毕业义安diploma，没有邀请信。工作中，申请时交6个月工资条。

通过了。",通过
"我先生在新7年，本科，基本薪水4500，PR快5年了。我在新3年，本科，薪水3000
这是第4次申请，目前怀孕中
第3次申请的时候，公司SUPPORT,有被要求补充资料，可补充资料后的一周，就被拒了

终于收到信了，这么久，已经没有什么欣喜了。
经验是应该要催他们的，因为我们已经有房，所以我也不是很着急，所以没有写信什么的，结果我想他们大概是忘记了，上个月我就写了邮件问他们情况，他们就很快恢复我，并要我补充资料，这个月就批了，郁闷，看来他们之前是把我忘了。
",通过
老公新加坡人，银行工作。本人学生签证。两人同岁。,通过
"老公是主申请人，教师，硕士，EP(Q1),来新4年多；自己是在读博士，来新3年。",通过
"本人条件：28岁，男，来新加坡工作1年3个月，基本工资4600（P2），国内top2的博士，专业对口，石油技术服务行业，有税单
分析原因：现在PR收紧，而自己来新时间太短，薪水没有足够高，且非本土学院毕业，
只能过一段时间等自己有所提升再说了",失败
"夫妻是PR,帮女儿申请。",通过
"本人国内名校本硕，国立大学博士，薪水~5.5k,来新5年。",通过
"男单身29岁，在新私校8年，从语言读到MBA
毕业后持EPQ1，6个月后递交申请，3k月薪
申请使用英国商业本科文凭",通过
"本人来新7年，半年前拿到SC，薪水3K+,老婆来新1年多，国内本科毕业，来新拿studentpass读私立学校，注册结婚1个月后帮老婆申请PR，1个月左右要求补充材料，等待中更换了long
term，昨天收到PR批准信",通过
"26岁，光棍，Diploma，计算机行业，月薪4k+，07年7月来新
前年12月申请过一次，去年3月杯具，隔了6个月再申",通过
"国内重点本科，P1,ITapplicationconsultant，月薪7k,来新15个月，全家申请，老婆本科，国内护士长，儿子3岁。
10月13日补缴税单",通过
"AppliedPRforchild,ParentsgotthePRtwoyearsago.",通过
"国内重点本科，工作4年；新加坡工作2年差一个月。3300一个月。有09年税单。
500强公司，有公司信。
2个月收到拒信。什么都没讲，只说你的申请不成功。。。。",失败
"2010年POLY毕业,EP,SINGTEL做IT（2K+）",通过
来新加坡6年，degree毕业，现拿SP。老公新加坡公民，工资3.3K,通过
申请时来新加坡时间很短，被拒绝，9月15号上诉，12月10号被拒绝。。。。。。。。,失败
"
这个是测试，为方便查询，大家更新状态后，右边会有更新时间(时间是服务器时间，服务器不在中国，所以显示的是其他地方的时间)，今天以后的结果会根据时间排序(貌似以前的记录有问题，由于时间有限，大家先将就着用，我有时间再改)，祝大家好运！
",通过
"8.26。跟老公一起申请。
老公：EP，3500，工作14个月。德国大学毕业的master。IT行业，公司support。
本人：StudentPass,来新2年半，NTU在读PH.D。
还没消息。",失败
一家三口申请，父亲EP。母亲SP。新生儿宝宝男孩6个月,失败
8月27日给先生申请.,通过
"两年　国内硕士　３Ｋ多收入
偶的情况　只能看运气好点才有些希望.",失败
"8.16交的材料夫妻俩都是EP
希望好运来新9个月..",失败
"4200,来新三年，国内本科土木工程专业",通过
